:START_ID(Street),:END_ID(Ward),:TYPE
street|002345283dca4a,ward|ho-chi-minh|phuong-binh-trung,IN_WARD
street|00254e98946ac0,ward|ho-chi-minh|phuong-binh-trung,IN_WARD
street|004027f6b00ee2,ward|ho-chi-minh|phuong-an-hoi-tay,IN_WARD
street|004d4a323bb379,ward|ho-chi-minh|phuong-an-lac,IN_WARD
street|006ac862599335,ward|ho-chi-minh|phuong-ong-hung-thuan,IN_WARD
street|007816a24c1b9f,ward|ho-chi-minh|phuong-binh-tri-ong,IN_WARD
street|007e6d2414232e,ward|ho-chi-minh|phuong-tan-thuan,IN_WARD
street|0120656527c2a8,ward|ho-chi-minh|phuong-an-lac,IN_WARD
street|017e7e66f1d738,ward|ho-chi-minh|phuong-chanh-hung,IN_WARD
street|0182fa65ebcbe8,ward|ho-chi-minh|phuong-an-phu-ong,IN_WARD
street|029cbf98e4d9e0,ward|ho-chi-minh|phuong-ben-thanh,IN_WARD
street|02b5205b6d9822,ward|ho-chi-minh|phuong-ong-hung-thuan,IN_WARD
street|02c299b770202d,ward|ho-chi-minh|phuong-binh-tan,IN_WARD
street|02c978ede2c39f,ward|ho-chi-minh|phuong-xom-chieu,IN_WARD
street|02cd4266381ff9,ward|ho-chi-minh|phuong-phu-thanh,IN_WARD
street|02ef629cebb04d,ward|ho-chi-minh|phuong-uc-nhuan,IN_WARD
street|03968ce3503d9e,ward|ho-chi-minh|phuong-an-lac,IN_WARD
street|03ab2e3a1d7248,ward|ho-chi-minh|phuong-hiep-binh,IN_WARD
street|03ac3f377191d6,ward|ho-chi-minh|phuong-an-lac,IN_WARD
street|040ada393fe60a,ward|ho-chi-minh|phuong-chanh-hiep,IN_WARD
street|042b45e5b75b5f,ward|ho-chi-minh|phuong-trung-my-tay,IN_WARD
street|044f795b9b6534,ward|ho-chi-minh|phuong-phuoc-long,IN_WARD
street|04a885f47d0517,ward|ho-chi-minh|phuong-trung-my-tay,IN_WARD
street|054d42cd498a51,ward|ho-chi-minh|phuong-thong-tay-hoi,IN_WARD
street|054eda949d2cdb,ward|ho-chi-minh|phuong-tay-thanh,IN_WARD
street|055805e2b4c6cf,ward|ho-chi-minh|phuong-tam-thang,IN_WARD
street|05b88c577a4530,ward|ho-chi-minh|phuong-ban-co,IN_WARD
street|05c8876c1014fd,ward|ho-chi-minh|phuong-gia-inh,IN_WARD
street|05e9a59a3a1610,ward|ho-chi-minh|phuong-khanh-hoi,IN_WARD
street|066338520f14bb,ward|ho-chi-minh|phuong-cau-ong-lanh,IN_WARD
street|06721ddc993b43,ward|ho-chi-minh|phuong-xom-chieu,IN_WARD
street|0683794765faac,ward|ho-chi-minh|phuong-uc-nhuan,IN_WARD
street|070a49526f7633,ward|ho-chi-minh|phuong-hoa-hung,IN_WARD
street|074f5206abcf94,ward|ho-chi-minh|phuong-an-ong,IN_WARD
street|079e1cebed0500,ward|ho-chi-minh|phuong-an-lac,IN_WARD
street|0823098b876f6c,ward|ho-chi-minh|phuong-hanh-thong,IN_WARD
street|084694dcd11532,ward|ho-chi-minh|phuong-linh-xuan,IN_WARD
street|0868b298b0c0fb,ward|ho-chi-minh|phuong-an-lac,IN_WARD
street|086f817bd39a1e,ward|ho-chi-minh|phuong-gia-inh,IN_WARD
street|088b0cacffb082,ward|ho-chi-minh|xa-ho-tram,IN_WARD
street|088e098ec83bca,ward|ho-chi-minh|phuong-an-hoi-ong,IN_WARD
street|08a371ded0dcdd,ward|ho-chi-minh|phuong-hiep-binh,IN_WARD
street|08c622b3fadf24,ward|ho-chi-minh|phuong-thong-tay-hoi,IN_WARD
street|0911faa762659b,ward|ho-chi-minh|phuong-bay-hien,IN_WARD
street|094314deac0cb7,ward|ho-chi-minh|phuong-tan-thuan,IN_WARD
street|096b377756351e,ward|ho-chi-minh|phuong-xuan-hoa,IN_WARD
street|0990b31e29a8c9,ward|ho-chi-minh|xa-binh-chanh,IN_WARD
street|099491068fccf7,ward|ho-chi-minh|phuong-hiep-binh,IN_WARD
street|099761beebc0f8,ward|ho-chi-minh|phuong-phu-nhuan,IN_WARD
street|0a89477ea88ac0,ward|ho-chi-minh|xa-xuan-thoi-son,IN_WARD
street|0a9904cd0e4c07,ward|ho-chi-minh|phuong-cat-lai,IN_WARD
street|0b156c072480b7,ward|ho-chi-minh|phuong-thong-tay-hoi,IN_WARD
street|0b2b1f9a83d075,ward|ho-chi-minh|phuong-binh-trung,IN_WARD
street|0ba980773cd10c,ward|ho-chi-minh|phuong-ban-co,IN_WARD
street|0bdba5acca4656,ward|ho-chi-minh|phuong-linh-xuan,IN_WARD
street|0c60e420e21005,ward|ho-chi-minh|phuong-cau-ong-lanh,IN_WARD
street|0cc4234867d181,ward|ho-chi-minh|phuong-an-khanh,IN_WARD
street|0cdf9e1130acbb,ward|ho-chi-minh|phuong-tan-thoi-hiep,IN_WARD
street|0d1f4e04c77c59,ward|ho-chi-minh|phuong-phu-thuan,IN_WARD
street|0d23b229b2a954,ward|ho-chi-minh|phuong-ban-co,IN_WARD
street|0d2f69e00a6eb5,ward|ho-chi-minh|phuong-di-an,IN_WARD
street|0d8995909c7e5d,ward|ho-chi-minh|phuong-thoi-an,IN_WARD
street|0da85d4507ecbc,ward|ho-chi-minh|phuong-di-an,IN_WARD
street|0db32a9704cf91,ward|ho-chi-minh|phuong-an-lac,IN_WARD
street|0e396a1cfddbe6,ward|ho-chi-minh|phuong-an-lac,IN_WARD
street|0e7c4cc3a9057e,ward|ho-chi-minh|phuong-binh-tri-ong,IN_WARD
street|0ebd5f84ffa1a8,ward|ho-chi-minh|phuong-phu-inh,IN_WARD
street|0f09420d7582fe,ward|ho-chi-minh|phuong-an-hoi-tay,IN_WARD
street|0f6a37772581a8,ward|ho-chi-minh|phuong-thanh-my-tay,IN_WARD
street|10349bb5884898,ward|ho-chi-minh|phuong-tan-phu,IN_WARD
street|1088984b92cf72,ward|ho-chi-minh|phuong-long-phuoc,IN_WARD
street|11afa054ea9816,ward|ho-chi-minh|phuong-trung-my-tay,IN_WARD
street|1217f7d14a2b65,ward|ho-chi-minh|phuong-binh-trung,IN_WARD
street|1295d800b98577,ward|ho-chi-minh|phuong-ben-thanh,IN_WARD
street|12c4f4c6767497,ward|ho-chi-minh|phuong-vuon-lai,IN_WARD
street|12ce94c52d19ac,ward|ho-chi-minh|phuong-linh-xuan,IN_WARD
street|12ebb5bb2ce9d9,ward|ho-chi-minh|phuong-vung-tau,IN_WARD
street|12ecff92523fec,ward|ho-chi-minh|phuong-binh-hung-hoa,IN_WARD
street|130580e076c065,ward|ho-chi-minh|phuong-tam-binh,IN_WARD
street|13899046d47ca9,ward|ho-chi-minh|phuong-phuoc-long,IN_WARD
street|139e4e1ea88429,ward|ho-chi-minh|phuong-phu-nhuan,IN_WARD
street|13c6c22d161869,ward|ho-chi-minh|phuong-dien-hong,IN_WARD
street|140f0c01b7c433,ward|ho-chi-minh|phuong-sai-gon,IN_WARD
street|142aaa4c6553e8,ward|ho-chi-minh|phuong-binh-loi-trung,IN_WARD
street|143109baf530de,ward|ho-chi-minh|phuong-tan-thoi-hiep,IN_WARD
street|153a1243066d9b,ward|ho-chi-minh|xa-tan-nhut,IN_WARD
street|15620ccd5b694e,ward|ho-chi-minh|phuong-vinh-hoi,IN_WARD
street|156604d2aeb159,ward|ho-chi-minh|phuong-tan-ong-hiep,IN_WARD
street|15a189de8486b1,ward|ho-chi-minh|phuong-phu-nhuan,IN_WARD
street|15da66f479a908,ward|ho-chi-minh|phuong-bay-hien,IN_WARD
street|163b06040eb1ff,ward|ho-chi-minh|phuong-hoa-hung,IN_WARD
street|164ab8bf7776b0,ward|ho-chi-minh|phuong-dien-hong,IN_WARD
street|169bb03339d82b,ward|ho-chi-minh|phuong-nhieu-loc,IN_WARD
street|16d9a12ae40908,ward|ho-chi-minh|phuong-tam-binh,IN_WARD
street|175425eb4015d3,ward|ho-chi-minh|phuong-hoa-hung,IN_WARD
street|1763f2a662a058,ward|ho-chi-minh|phuong-thong-tay-hoi,IN_WARD
street|17807d4369bf1c,ward|ho-chi-minh|phuong-tan-my,IN_WARD
street|17989bbdfe3d3f,ward|ho-chi-minh|phuong-uc-nhuan,IN_WARD
street|180763a6d59a33,ward|ho-chi-minh|phuong-tan-ong-hiep,IN_WARD
street|182baca72d1337,ward|ho-chi-minh|phuong-an-hoi-ong,IN_WARD
street|185d7c8de017dd,ward|ho-chi-minh|phuong-phuoc-long,IN_WARD
street|18ae4a175ffe51,ward|ho-chi-minh|phuong-tan-thuan,IN_WARD
street|18af2b25c52e11,ward|ho-chi-minh|phuong-tang-nhon-phu,IN_WARD
street|19068142236d88,ward|ho-chi-minh|phuong-binh-duong,IN_WARD
street|193fb0ccda1172,ward|ho-chi-minh|phuong-hiep-binh,IN_WARD
street|194b7e6fd59510,ward|ho-chi-minh|phuong-vung-tau,IN_WARD
street|199a23815b3cc1,ward|ho-chi-minh|phuong-thu-uc,IN_WARD
street|19d8c9d52b9f26,ward|ho-chi-minh|phuong-tan-son-nhi,IN_WARD
street|1a2f6e0b3a3156,ward|ho-chi-minh|xa-at-o,IN_WARD
street|1a5f31c1920c1c,ward|ho-chi-minh|phuong-an-hoi-tay,IN_WARD
street|1a7578ebeeafc0,ward|ho-chi-minh|phuong-phu-tho-hoa,IN_WARD
street|1a9ba0b2d39c10,ward|ho-chi-minh|phuong-an-khanh,IN_WARD
street|1aa6055299dcf5,ward|ho-chi-minh|phuong-gia-inh,IN_WARD
street|1aca22f6cdeb1f,ward|ho-chi-minh|phuong-tang-nhon-phu,IN_WARD
street|1af4a7b34740ed,ward|ho-chi-minh|phuong-xuan-hoa,IN_WARD
street|1b0cc29ebf0319,ward|ho-chi-minh|phuong-thong-tay-hoi,IN_WARD
street|1b256cde420766,ward|ho-chi-minh|phuong-cho-lon,IN_WARD
street|1b75ce5a8e476f,ward|ho-chi-minh|phuong-tan-hung,IN_WARD
street|1bdc8599841978,ward|ho-chi-minh|phuong-chanh-hung,IN_WARD
street|1bee6b12deebc2,ward|ho-chi-minh|phuong-thu-dau-mot,IN_WARD
street|1c10790d6a2cb7,ward|ho-chi-minh|phuong-an-khanh,IN_WARD
street|1c3ea2491ad967,ward|ho-chi-minh|phuong-tan-thuan,IN_WARD
street|1c524ab06d13cb,ward|ho-chi-minh|phuong-hanh-thong,IN_WARD
street|1cf2668ae9d899,ward|ho-chi-minh|phuong-cau-kieu,IN_WARD
street|1d10d51f1df62b,ward|ho-chi-minh|phuong-an-khanh,IN_WARD
street|1d1c6884c83ff5,ward|ho-chi-minh|phuong-tam-thang,IN_WARD
street|1d7115b556063e,ward|ho-chi-minh|phuong-hanh-thong,IN_WARD
street|1df89c4b9a6e21,ward|ho-chi-minh|phuong-an-phu-ong,IN_WARD
street|1e09c666bc0041,ward|ho-chi-minh|phuong-gia-inh,IN_WARD
street|1e0a98cc6e8937,ward|ho-chi-minh|phuong-xuan-hoa,IN_WARD
street|1e0d141e4ba1cb,ward|ho-chi-minh|phuong-binh-trung,IN_WARD
street|1ea75a55612753,ward|ho-chi-minh|phuong-binh-tri-ong,IN_WARD
street|1ef61b50196d7f,ward|ho-chi-minh|phuong-tan-hung,IN_WARD
street|1f1e80f34eada5,ward|ho-chi-minh|phuong-cho-quan,IN_WARD
street|1f2b12879ab3b3,ward|ho-chi-minh|phuong-tam-binh,IN_WARD
street|1f513a7ed76ebc,ward|ho-chi-minh|phuong-binh-ong,IN_WARD
street|1fbbb5e61a0994,ward|ho-chi-minh|phuong-binh-hung-hoa,IN_WARD
street|1fbcf88e09836e,ward|ho-chi-minh|phuong-tam-thang,IN_WARD
street|1fc331b9b90436,ward|ho-chi-minh|phuong-hiep-binh,IN_WARD
street|1ff44d09b75dc9,ward|ho-chi-minh|phuong-tan-binh,IN_WARD
street|2003c8ea111801,ward|ho-chi-minh|phuong-ben-thanh,IN_WARD
street|20048b0da4bc0c,ward|ho-chi-minh|phuong-tam-thang,IN_WARD
street|20aa71fb4841f6,ward|ho-chi-minh|phuong-tan-son-nhat,IN_WARD
street|20bfc623e97bdc,ward|ho-chi-minh|phuong-binh-hung-hoa,IN_WARD
street|20f357fc29b2f4,ward|ho-chi-minh|phuong-bay-hien,IN_WARD
street|2126960969f713,ward|ho-chi-minh|phuong-thu-uc,IN_WARD
street|212e34f2bfc01c,ward|ho-chi-minh|phuong-gia-inh,IN_WARD
street|21ac691a88ed72,ward|ho-chi-minh|phuong-binh-thanh,IN_WARD
street|21b136c9923758,ward|ho-chi-minh|phuong-cau-kieu,IN_WARD
street|21ca3f596a2988,ward|ho-chi-minh|phuong-ban-co,IN_WARD
street|22168270b7f013,ward|ho-chi-minh|phuong-phu-thanh,IN_WARD
street|2266e908e7a553,ward|ho-chi-minh|phuong-khanh-hoi,IN_WARD
street|228db425a8492c,ward|ho-chi-minh|phuong-phu-nhuan,IN_WARD
street|22c3c076fa77f0,ward|ho-chi-minh|phuong-xuan-hoa,IN_WARD
street|22ce0bf0e1ffe4,ward|ho-chi-minh|phuong-tan-my,IN_WARD
street|22fe67caeda438,ward|ho-chi-minh|phuong-linh-xuan,IN_WARD
street|238e4308efea1f,ward|ho-chi-minh|phuong-phu-tho-hoa,IN_WARD
street|23bcf140a7a93c,ward|ho-chi-minh|phuong-chanh-hung,IN_WARD
street|244325f2ebe94e,ward|ho-chi-minh|phuong-binh-hung-hoa,IN_WARD
street|2443b398354f29,ward|ho-chi-minh|phuong-long-binh,IN_WARD
street|246a0cb86aa59a,ward|ho-chi-minh|phuong-binh-tri-ong,IN_WARD
street|2523e564927667,ward|ho-chi-minh|phuong-tan-my,IN_WARD
street|25495e276b3b21,ward|ho-chi-minh|phuong-hiep-binh,IN_WARD
street|256461351c0cb8,ward|ho-chi-minh|phuong-an-khanh,IN_WARD
street|25cb9ae0500d70,ward|ho-chi-minh|phuong-thanh-my-tay,IN_WARD
street|266721c4304ca2,ward|ho-chi-minh|xa-binh-hung,IN_WARD
street|26673b3aa17f3d,ward|ho-chi-minh|phuong-xom-chieu,IN_WARD
street|2671051c652122,ward|ho-chi-minh|phuong-long-nguyen,IN_WARD
street|2695566a5882c0,ward|ho-chi-minh|phuong-di-an,IN_WARD
street|26dc5986372708,ward|ho-chi-minh|phuong-tan-son-nhi,IN_WARD
street|27461f25e70b2a,ward|ho-chi-minh|phuong-tan-son,IN_WARD
street|28114df5b81a37,ward|ho-chi-minh|phuong-tam-thang,IN_WARD
street|283cfe02d5f669,ward|ho-chi-minh|phuong-tang-nhon-phu,IN_WARD
street|286d9639bf7147,ward|ho-chi-minh|phuong-phu-lam,IN_WARD
street|2905f541f13cd1,ward|ho-chi-minh|phuong-ben-thanh,IN_WARD
street|293e6b6537dd0d,ward|ho-chi-minh|phuong-binh-phu,IN_WARD
street|2943e7d2117002,ward|ho-chi-minh|phuong-ben-thanh,IN_WARD
street|2969a50eb8b1b3,ward|ho-chi-minh|phuong-vinh-hoi,IN_WARD
street|298c7833b88e2f,ward|ho-chi-minh|phuong-phu-thuan,IN_WARD
street|29d24d9043fb41,ward|ho-chi-minh|phuong-an-hoi-tay,IN_WARD
street|29e9bb264b9e65,ward|ho-chi-minh|phuong-phu-thanh,IN_WARD
street|2b2d09142083d8,ward|ho-chi-minh|phuong-tan-binh,IN_WARD
street|2b65c9d61c8e3b,ward|ho-chi-minh|phuong-tan-son-nhi,IN_WARD
street|2b65fcf836fedc,ward|ho-chi-minh|phuong-cau-kieu,IN_WARD
street|2beaf39bb97ce4,ward|ho-chi-minh|phuong-long-phuoc,IN_WARD
street|2c01de6a55bf1c,ward|ho-chi-minh|phuong-hiep-binh,IN_WARD
street|2c4820407ed488,ward|ho-chi-minh|phuong-gia-inh,IN_WARD
street|2c9adfe39657c0,ward|ho-chi-minh|xa-hoc-mon,IN_WARD
street|2d0a83fe719bd3,ward|ho-chi-minh|phuong-vinh-hoi,IN_WARD
street|2d0af78b58ca9f,ward|ho-chi-minh|phuong-tang-nhon-phu,IN_WARD
street|2d3d9e05a25176,ward|ho-chi-minh|phuong-phu-inh,IN_WARD
street|2d4dcc2f2dfd68,ward|ho-chi-minh|phuong-hoa-hung,IN_WARD
street|2de92042007b02,ward|ho-chi-minh|phuong-linh-xuan,IN_WARD
street|2e2579b28f6b8e,ward|ho-chi-minh|phuong-cau-ong-lanh,IN_WARD
street|2f3928153106df,ward|ho-chi-minh|phuong-tan-inh,IN_WARD
street|2f65a5c5347149,ward|ho-chi-minh|phuong-phuoc-long,IN_WARD
street|2f8a4dd33396b2,ward|ho-chi-minh|phuong-thu-uc,IN_WARD
street|2feb6352d41830,ward|ho-chi-minh|phuong-bay-hien,IN_WARD
street|2ff71bf8f13e6e,ward|ho-chi-minh|phuong-binh-duong,IN_WARD
street|2ff7d56e41cb6e,ward|ho-chi-minh|phuong-long-truong,IN_WARD
street|320e6da9483d7f,ward|ho-chi-minh|phuong-binh-tay,IN_WARD
street|3234d2a954bb3b,ward|ho-chi-minh|phuong-cau-kieu,IN_WARD
street|32a0cead84ce10,ward|ho-chi-minh|phuong-binh-loi-trung,IN_WARD
street|3306148aff20c7,ward|ho-chi-minh|phuong-cat-lai,IN_WARD
street|330ba3375f874b,ward|ho-chi-minh|phuong-di-an,IN_WARD
street|330ca67afaba1e,ward|ho-chi-minh|phuong-chanh-phu-hoa,IN_WARD
street|3326d4dac33580,ward|ho-chi-minh|phuong-tam-thang,IN_WARD
street|3341d29cabfde2,ward|ho-chi-minh|phuong-an-ong,IN_WARD
street|3369a385ee1731,ward|ho-chi-minh|phuong-vinh-hoi,IN_WARD
street|3387290c1fca8e,ward|ho-chi-minh|phuong-cau-kieu,IN_WARD
street|33c8b1b422d469,ward|ho-chi-minh|phuong-thoi-an,IN_WARD
street|341e57b7922898,ward|ho-chi-minh|phuong-thoi-an,IN_WARD
street|3422eebc89e300,ward|ho-chi-minh|phuong-vuon-lai,IN_WARD
street|347282601781ea,ward|ho-chi-minh|xa-xuan-thoi-son,IN_WARD
street|34b0d55c797310,ward|ho-chi-minh|phuong-phu-inh,IN_WARD
street|34cd0265ed5599,ward|ho-chi-minh|phuong-bay-hien,IN_WARD
street|34dda05d768f9b,ward|ho-chi-minh|phuong-thoi-an,IN_WARD
street|351637e1c9dc48,ward|ho-chi-minh|phuong-long-truong,IN_WARD
street|354b268ebc42b8,ward|ho-chi-minh|phuong-bay-hien,IN_WARD
street|355c05741095e4,ward|ho-chi-minh|phuong-hanh-thong,IN_WARD
street|3584d277864df5,ward|ho-chi-minh|phuong-dien-hong,IN_WARD
street|358aa576dfd920,ward|ho-chi-minh|phuong-xuan-hoa,IN_WARD
street|35c58ff27ca4f1,ward|ho-chi-minh|phuong-hanh-thong,IN_WARD
street|35d6d4feaa5d26,ward|ho-chi-minh|phuong-ong-hung-thuan,IN_WARD
street|363ad62dcbda2c,ward|ho-chi-minh|phuong-an-lac,IN_WARD
street|36d4dbbb604b9b,ward|ho-chi-minh|phuong-phuoc-long,IN_WARD
street|36ed88d3cfecc0,ward|ho-chi-minh|phuong-tan-ong-hiep,IN_WARD
street|3724dea8abfff3,ward|ho-chi-minh|phuong-an-lac,IN_WARD
street|374553c7ff6f75,ward|ho-chi-minh|phuong-bay-hien,IN_WARD
street|37652f5971681c,ward|ho-chi-minh|phuong-an-khanh,IN_WARD
street|378552d2025a5a,ward|ho-chi-minh|phuong-an-hoi-tay,IN_WARD
street|37997a8f910e83,ward|ho-chi-minh|phuong-an-hoi-tay,IN_WARD
street|37d90a43c37c19,ward|ho-chi-minh|phuong-phu-tho-hoa,IN_WARD
street|381cc7f3f84eac,ward|ho-chi-minh|phuong-tan-hung,IN_WARD
street|3824b2bdb2234c,ward|ho-chi-minh|phuong-tan-binh,IN_WARD
street|383d4712028863,ward|ho-chi-minh|phuong-vung-tau,IN_WARD
street|384aa2b4d38e18,ward|ho-chi-minh|xa-xuan-thoi-son,IN_WARD
street|384fa587bf107c,ward|ho-chi-minh|phuong-long-truong,IN_WARD
street|38860a1b9eabb9,ward|ho-chi-minh|phuong-an-lac,IN_WARD
street|38c1ef7e33f70d,ward|ho-chi-minh|phuong-binh-hung-hoa,IN_WARD
street|38ed0e34566522,ward|ho-chi-minh|phuong-an-khanh,IN_WARD
street|3914b94fd68e32,ward|ho-chi-minh|phuong-tan-my,IN_WARD
street|392279df3aedbd,ward|ho-chi-minh|phuong-binh-trung,IN_WARD
street|3942d53aa37b48,ward|ho-chi-minh|phuong-long-truong,IN_WARD
street|39c509d789089c,ward|ho-chi-minh|phuong-an-hoi-ong,IN_WARD
street|39d6660b281ad8,ward|ho-chi-minh|phuong-an-khanh,IN_WARD
street|3a051659e7e28c,ward|ho-chi-minh|phuong-cat-lai,IN_WARD
street|3a0d283afc59b5,ward|ho-chi-minh|phuong-bay-hien,IN_WARD
street|3a0f3594deb6ad,ward|ho-chi-minh|phuong-an-phu-ong,IN_WARD
street|3af6236e8cfe7b,ward|ho-chi-minh|xa-tan-nhut,IN_WARD
street|3af62ef4a33a40,ward|ho-chi-minh|phuong-nhieu-loc,IN_WARD
street|3b16de3b0c0bd1,ward|ho-chi-minh|xa-binh-loi,IN_WARD
street|3b767d9f77d896,ward|ho-chi-minh|phuong-ban-co,IN_WARD
street|3b773cda7430d9,ward|ho-chi-minh|xa-binh-chanh,IN_WARD
street|3c052f4faad1b6,ward|ho-chi-minh|phuong-phu-inh,IN_WARD
street|3c276d6802195b,ward|ho-chi-minh|phuong-xuan-hoa,IN_WARD
street|3c297639571927,ward|ho-chi-minh|phuong-trung-my-tay,IN_WARD
street|3c42b7b46f7bbd,ward|ho-chi-minh|phuong-linh-xuan,IN_WARD
street|3ca75f869383a7,ward|ho-chi-minh|phuong-binh-loi-trung,IN_WARD
street|3cbeb7299c630d,ward|ho-chi-minh|phuong-dien-hong,IN_WARD
street|3ccf92f916ba27,ward|ho-chi-minh|xa-ba-iem,IN_WARD
street|3cda3f0562a70c,ward|ho-chi-minh|phuong-an-ong,IN_WARD
street|3ceb11a91c1e72,ward|ho-chi-minh|phuong-hanh-thong,IN_WARD
street|3d0c4e14c5c6cd,ward|ho-chi-minh|phuong-tan-son-hoa,IN_WARD
street|3d7c9990754250,ward|ho-chi-minh|phuong-xom-chieu,IN_WARD
street|3db3b94c476734,ward|ho-chi-minh|phuong-uc-nhuan,IN_WARD
street|3e2f944dc106e0,ward|ho-chi-minh|phuong-uc-nhuan,IN_WARD
street|3ea1e3ccc4d094,ward|ho-chi-minh|phuong-nhieu-loc,IN_WARD
street|3ea587298be297,ward|ho-chi-minh|phuong-uc-nhuan,IN_WARD
street|3f2c61be91d0ca,ward|ho-chi-minh|phuong-binh-trung,IN_WARD
street|3f4472053338e0,ward|ho-chi-minh|phuong-vung-tau,IN_WARD
street|3fa7a92c1d8d30,ward|ho-chi-minh|phuong-binh-ong,IN_WARD
street|3fc17f0f81af9e,ward|ho-chi-minh|phuong-vung-tau,IN_WARD
street|40589dde0896a5,ward|ho-chi-minh|phuong-binh-hung-hoa,IN_WARD
street|40a740cae21142,ward|ho-chi-minh|phuong-an-ong,IN_WARD
street|40ac31a66d07ee,ward|ho-chi-minh|xa-nha-be,IN_WARD
street|40d0c59c2a1466,ward|ho-chi-minh|phuong-vuon-lai,IN_WARD
street|40fd8801c996f4,ward|ho-chi-minh|phuong-cho-lon,IN_WARD
street|418e5779245e51,ward|ho-chi-minh|phuong-tan-son-hoa,IN_WARD
street|41cd4daa1a87e5,ward|ho-chi-minh|phuong-tan-hung,IN_WARD
street|42718b9a8be4a7,ward|ho-chi-minh|phuong-tan-my,IN_WARD
street|429967a8922d13,ward|ho-chi-minh|phuong-thoi-an,IN_WARD
street|433c7b3275dc61,ward|ho-chi-minh|phuong-thu-uc,IN_WARD
street|435ec9b13ed0b1,ward|ho-chi-minh|phuong-bay-hien,IN_WARD
street|4376f62e7333f9,ward|ho-chi-minh|phuong-binh-hung-hoa,IN_WARD
street|43caf75719bc76,ward|ho-chi-minh|xa-binh-chanh,IN_WARD
street|43f7cdf0349cd3,ward|ho-chi-minh|xa-binh-hung,IN_WARD
street|4401848db6804f,ward|ho-chi-minh|xa-tru-van-tho,IN_WARD
street|44133a57cdb294,ward|ho-chi-minh|phuong-phuoc-thang,IN_WARD
street|44140f934ca16b,ward|ho-chi-minh|phuong-tan-phu,IN_WARD
street|4423ba9230601d,ward|ho-chi-minh|phuong-tang-nhon-phu,IN_WARD
street|445e2195a9982e,ward|ho-chi-minh|phuong-linh-xuan,IN_WARD
street|449c5c57500d0b,ward|ho-chi-minh|phuong-ong-hoa,IN_WARD
street|453a78461c2ebc,ward|ho-chi-minh|phuong-tan-hung,IN_WARD
street|456cdb55c7f713,ward|ho-chi-minh|phuong-tan-thuan,IN_WARD
street|45947c7db5564e,ward|ho-chi-minh|phuong-tan-son,IN_WARD
street|45b040de388d38,ward|ho-chi-minh|phuong-tan-thuan,IN_WARD
street|46412b69c94811,ward|ho-chi-minh|phuong-phu-tho-hoa,IN_WARD
street|469788ebec0958,ward|ho-chi-minh|xa-ba-iem,IN_WARD
street|46beeb65d2a4de,ward|ho-chi-minh|phuong-thoi-hoa,IN_WARD
street|46fc7ae98648d9,ward|ho-chi-minh|phuong-binh-trung,IN_WARD
street|473c59ed794377,ward|ho-chi-minh|phuong-chanh-hung,IN_WARD
street|47413c42cb36f2,ward|ho-chi-minh|phuong-long-huong,IN_WARD
street|476f79df0ee21a,ward|ho-chi-minh|phuong-dien-hong,IN_WARD
street|4797e0f41c5f9e,ward|ho-chi-minh|phuong-thu-uc,IN_WARD
street|47b06a1463cb8d,ward|ho-chi-minh|phuong-chanh-hung,IN_WARD
street|47b516e68ffa13,ward|ho-chi-minh|phuong-binh-trung,IN_WARD
street|488a59b328c3ab,ward|ho-chi-minh|phuong-uc-nhuan,IN_WARD
street|4890f609aa55fd,ward|ho-chi-minh|phuong-long-binh,IN_WARD
street|489909a8f87f5b,ward|ho-chi-minh|phuong-xuan-hoa,IN_WARD
street|48f19b0874661e,ward|ho-chi-minh|phuong-tan-inh,IN_WARD
street|4921ecc9a618d8,ward|ho-chi-minh|phuong-phu-thuan,IN_WARD
street|492319f3419732,ward|ho-chi-minh|phuong-uc-nhuan,IN_WARD
street|4969b574c71d97,ward|ho-chi-minh|phuong-hoa-hung,IN_WARD
street|49d68cbfb7b836,ward|ho-chi-minh|phuong-vuon-lai,IN_WARD
street|49d9ba6f867f06,ward|ho-chi-minh|xa-nha-be,IN_WARD
street|4a1829e07f2165,ward|ho-chi-minh|phuong-tan-hung,IN_WARD
street|4a59c49e8c072a,ward|ho-chi-minh|phuong-tay-thanh,IN_WARD
street|4ae823a8131042,ward|ho-chi-minh|phuong-phuoc-thang,IN_WARD
street|4b338abccc51ce,ward|ho-chi-minh|phuong-vung-tau,IN_WARD
street|4b682015fb8908,ward|ho-chi-minh|phuong-tan-son-hoa,IN_WARD
street|4bd1b1dac5380e,ward|ho-chi-minh|phuong-hiep-binh,IN_WARD
street|4c38ba1627144c,ward|ho-chi-minh|phuong-thuan-giao,IN_WARD
street|4c8977f6e0a937,ward|ho-chi-minh|phuong-thanh-my-tay,IN_WARD
street|4d2fcdce00044e,ward|ho-chi-minh|phuong-long-truong,IN_WARD
street|4d42a3617fce4f,ward|ho-chi-minh|phuong-di-an,IN_WARD
street|4d833330bc2157,ward|ho-chi-minh|phuong-thong-tay-hoi,IN_WARD
street|4de03d9b6410b5,ward|ho-chi-minh|phuong-tam-binh,IN_WARD
street|4dfedd23dea62a,ward|ho-chi-minh|phuong-thoi-an,IN_WARD
street|4ee1d556c587fd,ward|ho-chi-minh|phuong-khanh-hoi,IN_WARD
street|4f5b4be40ac2d3,ward|ho-chi-minh|phuong-thong-tay-hoi,IN_WARD
street|4fa094788c6ed5,ward|ho-chi-minh|phuong-an-phu-ong,IN_WARD
street|502698af6d0376,ward|ho-chi-minh|phuong-tan-thuan,IN_WARD
street|502c206129163c,ward|ho-chi-minh|phuong-gia-inh,IN_WARD
street|502c399cb24e65,ward|ho-chi-minh|phuong-tan-inh,IN_WARD
street|50679060214eb3,ward|ho-chi-minh|phuong-an-khanh,IN_WARD
street|507083c06c6b36,ward|ho-chi-minh|xa-nha-be,IN_WARD
street|50a114aabf5550,ward|ho-chi-minh|phuong-binh-hoa,IN_WARD
street|50b52e68c79dce,ward|ho-chi-minh|phuong-binh-duong,IN_WARD
street|50d662cb6e4a1b,ward|ho-chi-minh|phuong-tan-hung,IN_WARD
street|51d36a5a4d0f75,ward|ho-chi-minh|phuong-cau-kieu,IN_WARD
street|51dd9ab7645dd0,ward|ho-chi-minh|phuong-khanh-hoi,IN_WARD
street|51feff8ef725cb,ward|ho-chi-minh|phuong-tan-phu,IN_WARD
street|520a2729e3cbad,ward|ho-chi-minh|xa-binh-hung,IN_WARD
street|522440c3f37d0c,ward|ho-chi-minh|phuong-an-lac,IN_WARD
street|525910366a5e55,ward|ho-chi-minh|phuong-thu-uc,IN_WARD
street|526b4e7428d409,ward|ho-chi-minh|phuong-xuan-hoa,IN_WARD
street|527265f6528fda,ward|ho-chi-minh|phuong-binh-ong,IN_WARD
street|52a9977998aabf,ward|ho-chi-minh|phuong-binh-tri-ong,IN_WARD
street|52b5ddea2f9a27,ward|ho-chi-minh|phuong-long-truong,IN_WARD
street|52ba34028443b7,ward|ho-chi-minh|phuong-ban-co,IN_WARD
street|52d8c3a92c47e9,ward|ho-chi-minh|phuong-an-lac,IN_WARD
street|531a053f5c758f,ward|ho-chi-minh|phuong-thu-uc,IN_WARD
street|5330acb8e50467,ward|ho-chi-minh|phuong-hanh-thong,IN_WARD
street|5336a4f60764bd,ward|ho-chi-minh|phuong-an-phu-ong,IN_WARD
street|53a8dac14079a6,ward|ho-chi-minh|phuong-long-truong,IN_WARD
street|543e5cc3e63687,ward|ho-chi-minh|phuong-tan-son-nhi,IN_WARD
street|547512e67330ed,ward|ho-chi-minh|phuong-bay-hien,IN_WARD
street|54aaf6f216ae5a,ward|ho-chi-minh|phuong-tam-thang,IN_WARD
street|55220426514715,ward|ho-chi-minh|phuong-dien-hong,IN_WARD
street|552fe81d697831,ward|ho-chi-minh|phuong-hoa-hung,IN_WARD
street|554371d49e0486,ward|ho-chi-minh|phuong-tam-thang,IN_WARD
street|556c8fd027091d,ward|ho-chi-minh|phuong-long-truong,IN_WARD
street|55f22e31cd030b,ward|ho-chi-minh|phuong-sai-gon,IN_WARD
street|55fa081b6e2910,ward|ho-chi-minh|phuong-bay-hien,IN_WARD
street|563a535f4b4c5c,ward|ho-chi-minh|phuong-binh-trung,IN_WARD
street|5655c998806bf0,ward|ho-chi-minh|phuong-binh-loi-trung,IN_WARD
street|56566d34d7bb08,ward|ho-chi-minh|phuong-thu-uc,IN_WARD
street|566402e19f93e9,ward|ho-chi-minh|phuong-binh-trung,IN_WARD
street|567895ac2ab9dd,ward|ho-chi-minh|phuong-binh-thanh,IN_WARD
street|56fa9c059a0108,ward|ho-chi-minh|phuong-linh-xuan,IN_WARD
street|56fcfc53fe7cb9,ward|ho-chi-minh|phuong-an-lac,IN_WARD
street|575ddfe6b440c6,ward|ho-chi-minh|phuong-tan-son-nhi,IN_WARD
street|577565b0e1e61e,ward|ho-chi-minh|xa-tru-van-tho,IN_WARD
street|589dad060cc8b1,ward|ho-chi-minh|phuong-hoa-hung,IN_WARD
street|58bd88119b4d4a,ward|ho-chi-minh|phuong-cho-lon,IN_WARD
street|58c94b7dba09eb,ward|ho-chi-minh|phuong-tang-nhon-phu,IN_WARD
street|5a0ae90a8c49e4,ward|ho-chi-minh|phuong-tan-son-nhi,IN_WARD
street|5a76a2549a74d0,ward|ho-chi-minh|phuong-phu-inh,IN_WARD
street|5a8732cd365ed8,ward|ho-chi-minh|phuong-rach-dua,IN_WARD
street|5ad89964b7db0d,ward|ho-chi-minh|phuong-binh-tri-ong,IN_WARD
street|5b066118b43f13,ward|ho-chi-minh|phuong-chanh-hung,IN_WARD
street|5b23305be72f13,ward|ho-chi-minh|phuong-thanh-my-tay,IN_WARD
street|5b593af7cbf64e,ward|ho-chi-minh|phuong-bay-hien,IN_WARD
street|5b59fea576ac86,ward|ho-chi-minh|phuong-tam-thang,IN_WARD
street|5b7316bb821f3f,ward|ho-chi-minh|phuong-thoi-an,IN_WARD
street|5ba2eaa78e6be8,ward|ho-chi-minh|phuong-binh-hung-hoa,IN_WARD
street|5bcfb20cf34d6b,ward|ho-chi-minh|phuong-binh-hung-hoa,IN_WARD
street|5c05ba96910584,ward|ho-chi-minh|phuong-phu-thuan,IN_WARD
street|5c5886081e8c91,ward|ho-chi-minh|phuong-vung-tau,IN_WARD
street|5c787dcc308fe5,ward|ho-chi-minh|phuong-uc-nhuan,IN_WARD
street|5c92c8c487c229,ward|ho-chi-minh|phuong-sai-gon,IN_WARD
street|5c9bb24e338e2d,ward|ho-chi-minh|phuong-binh-tri-ong,IN_WARD
street|5cd3b61a5ab0d2,ward|ho-chi-minh|phuong-an-hoi-ong,IN_WARD
street|5d1d21b654f238,ward|ho-chi-minh|phuong-phu-lam,IN_WARD
street|5d2d1ffe342232,ward|ho-chi-minh|phuong-tan-hoa,IN_WARD
street|5d4b29a0064adc,ward|ho-chi-minh|phuong-binh-hung-hoa,IN_WARD
street|5d6767e2ba6648,ward|ho-chi-minh|phuong-di-an,IN_WARD
street|5daf8dc513c05c,ward|ho-chi-minh|phuong-phu-loi,IN_WARD
street|5e6407c36d8b7f,ward|ho-chi-minh|phuong-binh-trung,IN_WARD
street|5e70b635a29ab9,ward|ho-chi-minh|phuong-thoi-hoa,IN_WARD
street|5e9cbdcff1df3c,ward|ho-chi-minh|phuong-phu-lam,IN_WARD
street|5eb2a2e8c8c590,ward|ho-chi-minh|phuong-thu-uc,IN_WARD
street|5eb93b0410c49a,ward|ho-chi-minh|phuong-phu-loi,IN_WARD
street|5edc6e4a82746d,ward|ho-chi-minh|phuong-phu-tho,IN_WARD
street|5ef6a74b85935c,ward|ho-chi-minh|phuong-thoi-an,IN_WARD
street|5f8ab590642e2a,ward|ho-chi-minh|phuong-an-lac,IN_WARD
street|5fb8197c95ca4a,ward|ho-chi-minh|phuong-tam-binh,IN_WARD
street|602664e70049e2,ward|ho-chi-minh|phuong-binh-tan,IN_WARD
street|602cfe390993bc,ward|ho-chi-minh|phuong-thu-uc,IN_WARD
street|603750550d4a13,ward|ho-chi-minh|xa-tan-nhut,IN_WARD
street|6044cf5bc6f145,ward|ho-chi-minh|xa-ba-iem,IN_WARD
street|605a4cc47a9b12,ward|ho-chi-minh|phuong-tam-thang,IN_WARD
street|606ba3ba54c888,ward|ho-chi-minh|phuong-an-phu-ong,IN_WARD
street|6085b51e2a66f3,ward|ho-chi-minh|phuong-gia-inh,IN_WARD
street|60ab656fdf1a3b,ward|ho-chi-minh|phuong-tam-thang,IN_WARD
street|60ced8ae5efbb3,ward|ho-chi-minh|phuong-chanh-hung,IN_WARD
street|60e864051deaef,ward|ho-chi-minh|phuong-phu-inh,IN_WARD
street|611f1752b127a6,ward|ho-chi-minh|phuong-thoi-hoa,IN_WARD
street|618df60debb3ae,ward|ho-chi-minh|phuong-an-nhon,IN_WARD
street|61bd06657a5aaf,ward|ho-chi-minh|phuong-phuoc-long,IN_WARD
street|61bfac4bf52607,ward|ho-chi-minh|phuong-tan-thuan,IN_WARD
street|61bffe6a2a5f5d,ward|ho-chi-minh|phuong-uc-nhuan,IN_WARD
street|621d9f92f17f8e,ward|ho-chi-minh|phuong-binh-tan,IN_WARD
street|628d2c008de8a7,ward|ho-chi-minh|phuong-sai-gon,IN_WARD
street|6293edeaec3a0a,ward|ho-chi-minh|phuong-tang-nhon-phu,IN_WARD
street|62bcf0a2dd6748,ward|ho-chi-minh|phuong-thu-uc,IN_WARD
street|62bf5ac359aaaf,ward|ho-chi-minh|phuong-binh-thanh,IN_WARD
street|62c0a4fca4a104,ward|ho-chi-minh|phuong-cau-kieu,IN_WARD
street|62c533aead6d81,ward|ho-chi-minh|phuong-trung-my-tay,IN_WARD
street|62d78a92931d66,ward|ho-chi-minh|phuong-tam-binh,IN_WARD
street|6338005a05cdee,ward|ho-chi-minh|phuong-vung-tau,IN_WARD
street|639ae5fabc9507,ward|ho-chi-minh|xa-tru-van-tho,IN_WARD
street|644af0447c616a,ward|ho-chi-minh|phuong-binh-tri-ong,IN_WARD
street|64b94c4d0722ce,ward|ho-chi-minh|phuong-hiep-binh,IN_WARD
street|64f6cd3e9e7a53,ward|ho-chi-minh|phuong-tan-son-nhat,IN_WARD
street|651da9e9516824,ward|ho-chi-minh|phuong-binh-thanh,IN_WARD
street|656b026492be5c,ward|ho-chi-minh|phuong-tan-binh,IN_WARD
street|6576e2984436d9,ward|ho-chi-minh|xa-hoc-mon,IN_WARD
street|65d92e404e4fda,ward|ho-chi-minh|phuong-cau-ong-lanh,IN_WARD
street|664c0f5be47560,ward|ho-chi-minh|phuong-cau-ong-lanh,IN_WARD
street|66bdf7e31adb7f,ward|ho-chi-minh|phuong-thu-uc,IN_WARD
street|66e9884f9fd21f,ward|ho-chi-minh|xa-nha-be,IN_WARD
street|66ec44130efe02,ward|ho-chi-minh|phuong-an-khanh,IN_WARD
street|672768b25722f1,ward|ho-chi-minh|phuong-long-phuoc,IN_WARD
street|678e806370273e,ward|ho-chi-minh|phuong-ben-thanh,IN_WARD
street|67aa356334b0bd,ward|ho-chi-minh|phuong-chanh-hung,IN_WARD
street|67e87395745c63,ward|ho-chi-minh|phuong-thuan-giao,IN_WARD
street|68c33f99a32b5c,ward|ho-chi-minh|phuong-binh-trung,IN_WARD
street|68cc3ccebe4c68,ward|ho-chi-minh|phuong-long-truong,IN_WARD
street|693d7c787c89ba,ward|ho-chi-minh|phuong-long-phuoc,IN_WARD
street|695d5608867c83,ward|ho-chi-minh|phuong-binh-thanh,IN_WARD
street|69884e73d86d08,ward|ho-chi-minh|phuong-ong-hoa,IN_WARD
street|6997d29786fe3d,ward|ho-chi-minh|phuong-long-truong,IN_WARD
street|69a337187525c5,ward|ho-chi-minh|phuong-ong-hoa,IN_WARD
street|69a7204c5d5951,ward|ho-chi-minh|phuong-minh-phung,IN_WARD
street|6a389005e85c6f,ward|ho-chi-minh|phuong-thu-uc,IN_WARD
street|6a67623914af16,ward|ho-chi-minh|phuong-binh-hoa,IN_WARD
street|6ab65ae4c65b83,ward|ho-chi-minh|phuong-bay-hien,IN_WARD
street|6ac6fb375fcce9,ward|ho-chi-minh|phuong-cat-lai,IN_WARD
street|6acd62bad0ae54,ward|ho-chi-minh|phuong-bay-hien,IN_WARD
street|6b1b07dbf587e6,ward|ho-chi-minh|phuong-tan-tao,IN_WARD
street|6b1bcee6af155e,ward|ho-chi-minh|phuong-thuan-giao,IN_WARD
street|6b3241250d5e58,ward|ho-chi-minh|phuong-binh-tri-ong,IN_WARD
street|6b39bdc144e78e,ward|ho-chi-minh|phuong-ban-co,IN_WARD
street|6bb27b405856d0,ward|ho-chi-minh|xa-hoc-mon,IN_WARD
street|6bd0230e6fb647,ward|ho-chi-minh|phuong-binh-thanh,IN_WARD
street|6c4a1730b31c6c,ward|ho-chi-minh|phuong-hoa-hung,IN_WARD
street|6c793e3aea32b6,ward|ho-chi-minh|phuong-binh-ong,IN_WARD
street|6d086eda3d5163,ward|ho-chi-minh|phuong-phu-thuan,IN_WARD
street|6d29b3ac8bcac5,ward|ho-chi-minh|phuong-hiep-binh,IN_WARD
street|6d2f395af82171,ward|ho-chi-minh|phuong-linh-xuan,IN_WARD
street|6d39642eacc47f,ward|ho-chi-minh|phuong-binh-hung-hoa,IN_WARD
street|6d3b2cf14a4ad1,ward|ho-chi-minh|phuong-binh-tri-ong,IN_WARD
street|6d406da9acb58c,ward|ho-chi-minh|phuong-tan-hung,IN_WARD
street|6d61984d2a6524,ward|ho-chi-minh|phuong-tan-binh,IN_WARD
street|6d647eaa330ae0,ward|ho-chi-minh|phuong-phu-thuan,IN_WARD
street|6df622eff35169,ward|ho-chi-minh|phuong-cau-kieu,IN_WARD
street|6dfdced78f5f9f,ward|ho-chi-minh|phuong-cau-kieu,IN_WARD
street|6e0717f89b8e86,ward|ho-chi-minh|phuong-binh-phu,IN_WARD
street|6e084b50af0247,ward|ho-chi-minh|phuong-an-lac,IN_WARD
street|6e7c613f0d3fa1,ward|ho-chi-minh|phuong-an-ong,IN_WARD
street|6f0d783a434d22,ward|ho-chi-minh|phuong-tang-nhon-phu,IN_WARD
street|6f3340f9156861,ward|ho-chi-minh|phuong-tan-binh,IN_WARD
street|6f7b048c754c30,ward|ho-chi-minh|phuong-uc-nhuan,IN_WARD
street|6fb14f77d2c0d3,ward|ho-chi-minh|phuong-cau-kieu,IN_WARD
street|6fed50fe8033a7,ward|ho-chi-minh|xa-tan-nhut,IN_WARD
street|70ca3a79bb63ee,ward|ho-chi-minh|phuong-gia-inh,IN_WARD
street|70ccba1f179fb0,ward|ho-chi-minh|phuong-an-phu-ong,IN_WARD
street|710e435f7c9afd,ward|ho-chi-minh|phuong-binh-thanh,IN_WARD
street|711860578eef55,ward|ho-chi-minh|phuong-binh-tri-ong,IN_WARD
street|71b3837e6365b3,ward|ho-chi-minh|phuong-an-ong,IN_WARD
street|71c8778e868eb9,ward|ho-chi-minh|phuong-tam-binh,IN_WARD
street|726515f00ab6b7,ward|ho-chi-minh|phuong-go-vap,IN_WARD
street|728f2001a3ebfc,ward|ho-chi-minh|phuong-thong-tay-hoi,IN_WARD
street|729b523ecc3eeb,ward|ho-chi-minh|phuong-khanh-hoi,IN_WARD
street|72c988a2842892,ward|ho-chi-minh|phuong-thanh-my-tay,IN_WARD
street|72dfbd64e423ed,ward|ho-chi-minh|phuong-thuan-giao,IN_WARD
street|72f2b5953e933b,ward|ho-chi-minh|phuong-an-khanh,IN_WARD
street|736da57c096c37,ward|ho-chi-minh|phuong-tan-binh,IN_WARD
street|7383453a0cacbe,ward|ho-chi-minh|phuong-tan-inh,IN_WARD
street|73fe3cb0b9e8d1,ward|ho-chi-minh|phuong-linh-xuan,IN_WARD
street|740927cbee1fdf,ward|ho-chi-minh|phuong-rach-dua,IN_WARD
street|74579f5d173e40,ward|ho-chi-minh|phuong-tan-son,IN_WARD
street|74a6b698256793,ward|ho-chi-minh|phuong-trung-my-tay,IN_WARD
street|74b0e064bc8ee6,ward|ho-chi-minh|phuong-thu-uc,IN_WARD
street|74b5ef97220171,ward|ho-chi-minh|phuong-thanh-my-tay,IN_WARD
street|74e5eedd546211,ward|ho-chi-minh|phuong-tan-inh,IN_WARD
street|75646597c099ee,ward|ho-chi-minh|phuong-gia-inh,IN_WARD
street|75b34b58346493,ward|ho-chi-minh|phuong-tan-son-nhat,IN_WARD
street|75f5d77e359c76,ward|ho-chi-minh|phuong-tan-thuan,IN_WARD
street|75f789f81921d7,ward|ho-chi-minh|phuong-long-truong,IN_WARD
street|762ff884135b95,ward|ho-chi-minh|phuong-thong-tay-hoi,IN_WARD
street|768b53b9fa553f,ward|ho-chi-minh|xa-ba-iem,IN_WARD
street|76a4ffbb5bf344,ward|ho-chi-minh|phuong-tan-phu,IN_WARD
street|76a9d356cdd3ec,ward|ho-chi-minh|phuong-khanh-hoi,IN_WARD
street|76db5c0217cff3,ward|ho-chi-minh|phuong-vuon-lai,IN_WARD
street|76e31f643c2b70,ward|ho-chi-minh|phuong-binh-thanh,IN_WARD
street|7708ee5b20b0e7,ward|ho-chi-minh|phuong-thoi-an,IN_WARD
street|77899e30febe49,ward|ho-chi-minh|phuong-long-truong,IN_WARD
street|77c5cdccaa8ae3,ward|ho-chi-minh|phuong-an-phu-ong,IN_WARD
street|77ff53eb647c3d,ward|ho-chi-minh|phuong-long-phuoc,IN_WARD
street|7847dd15d45202,ward|ho-chi-minh|phuong-tan-hoa,IN_WARD
street|78765e8a6f834e,ward|ho-chi-minh|phuong-binh-tan,IN_WARD
street|78805f295fb957,ward|ho-chi-minh|phuong-binh-hung-hoa,IN_WARD
street|78b2f0dae049fc,ward|ho-chi-minh|phuong-thanh-my-tay,IN_WARD
street|793f79a32b8293,ward|ho-chi-minh|phuong-tan-thoi-hiep,IN_WARD
street|798c173b2e6994,ward|ho-chi-minh|phuong-tan-hoa,IN_WARD
street|79aff9d5fe8a85,ward|ho-chi-minh|phuong-an-phu-ong,IN_WARD
street|79b491f22d6c41,ward|ho-chi-minh|phuong-thoi-an,IN_WARD
street|7a3cbc8af4beb2,ward|ho-chi-minh|phuong-phu-thanh,IN_WARD
street|7ae7323e2ca607,ward|ho-chi-minh|phuong-long-truong,IN_WARD
street|7b3bd5a1f97620,ward|ho-chi-minh|phuong-an-phu-ong,IN_WARD
street|7b8a5a0bd396d0,ward|ho-chi-minh|phuong-tan-son-nhi,IN_WARD
street|7bfca4218522fb,ward|ho-chi-minh|phuong-cat-lai,IN_WARD
street|7c14acbf62b13c,ward|ho-chi-minh|phuong-tan-thuan,IN_WARD
street|7c1bc4d3ca09c7,ward|ho-chi-minh|xa-tan-an-hoi,IN_WARD
street|7c2ccb95a701dc,ward|ho-chi-minh|phuong-phu-thuan,IN_WARD
street|7c57ec6f01f434,ward|ho-chi-minh|phuong-binh-ong,IN_WARD
street|7c800fa3053748,ward|ho-chi-minh|phuong-vung-tau,IN_WARD
street|7c9a378052468f,ward|ho-chi-minh|phuong-cho-quan,IN_WARD
street|7cfb869b2015f8,ward|ho-chi-minh|phuong-cau-kieu,IN_WARD
street|7d94a19341dc66,ward|ho-chi-minh|phuong-dien-hong,IN_WARD
street|7db047b8596246,ward|ho-chi-minh|xa-binh-hung,IN_WARD
street|7dcfd754f31855,ward|ho-chi-minh|phuong-tang-nhon-phu,IN_WARD
street|7ddedadb473fe8,ward|ho-chi-minh|phuong-cau-kieu,IN_WARD
street|7e0293e943289d,ward|ho-chi-minh|phuong-phu-tho-hoa,IN_WARD
street|7e8bbffaa49fb0,ward|ho-chi-minh|phuong-hiep-binh,IN_WARD
street|7edf481958a1fb,ward|ho-chi-minh|phuong-binh-tri-ong,IN_WARD
street|7fb7b99645cf13,ward|ho-chi-minh|phuong-hanh-thong,IN_WARD
street|8093432e785d65,ward|ho-chi-minh|phuong-cau-kieu,IN_WARD
street|80a14004f10462,ward|ho-chi-minh|phuong-binh-phu,IN_WARD
street|80f2847e03144c,ward|ho-chi-minh|phuong-tang-nhon-phu,IN_WARD
street|81214a0f179a73,ward|ho-chi-minh|phuong-gia-inh,IN_WARD
street|8122e57ec19b2b,ward|ho-chi-minh|phuong-binh-trung,IN_WARD
street|81649f3d0e7785,ward|ho-chi-minh|phuong-cau-kieu,IN_WARD
street|81928fcfc41fdf,ward|ho-chi-minh|phuong-long-truong,IN_WARD
street|819aa641be6eb4,ward|ho-chi-minh|phuong-phuoc-long,IN_WARD
street|81a49ce913fee0,ward|ho-chi-minh|phuong-ben-thanh,IN_WARD
street|81f46e6aea6309,ward|ho-chi-minh|phuong-an-lac,IN_WARD
street|82034311010299,ward|ho-chi-minh|phuong-phu-nhuan,IN_WARD
street|822255a85d3130,ward|ho-chi-minh|xa-tru-van-tho,IN_WARD
street|82793a70e8a070,ward|ho-chi-minh|phuong-binh-phu,IN_WARD
street|829381fb801a3b,ward|ho-chi-minh|phuong-gia-inh,IN_WARD
street|82a20582762d62,ward|ho-chi-minh|phuong-tam-thang,IN_WARD
street|82ceb0df1cc101,ward|ho-chi-minh|phuong-cat-lai,IN_WARD
street|82e969b9fc0842,ward|ho-chi-minh|phuong-binh-loi-trung,IN_WARD
street|8313ecb8d7dc2b,ward|ho-chi-minh|phuong-di-an,IN_WARD
street|8315ee0a25c3a8,ward|ho-chi-minh|phuong-binh-thoi,IN_WARD
street|833ad0bb3a5d87,ward|ho-chi-minh|phuong-phu-tho-hoa,IN_WARD
street|835537f7d0571b,ward|ho-chi-minh|phuong-hiep-binh,IN_WARD
street|839f13624b5353,ward|ho-chi-minh|phuong-binh-trung,IN_WARD
street|83e97be122d518,ward|ho-chi-minh|phuong-thong-tay-hoi,IN_WARD
street|83f05b17719dc7,ward|ho-chi-minh|phuong-cat-lai,IN_WARD
street|84134917dfb31a,ward|ho-chi-minh|phuong-an-lac,IN_WARD
street|846d539cec4638,ward|ho-chi-minh|phuong-phu-thuan,IN_WARD
street|847f92d8a74ee2,ward|ho-chi-minh|phuong-tan-thuan,IN_WARD
street|85fe61fd0cf903,ward|ho-chi-minh|phuong-an-ong,IN_WARD
street|862244bf71ef01,ward|ho-chi-minh|xa-vinh-loc,IN_WARD
street|865c52ff53b36e,ward|ho-chi-minh|phuong-binh-tan,IN_WARD
street|86754cd3b45c0a,ward|ho-chi-minh|phuong-dien-hong,IN_WARD
street|8692fcaa590631,ward|ho-chi-minh|phuong-thu-uc,IN_WARD
street|86a42d6b78e761,ward|ho-chi-minh|phuong-cho-lon,IN_WARD
street|86e4298b6a18bc,ward|ho-chi-minh|phuong-phuoc-long,IN_WARD
street|872a735822dc69,ward|ho-chi-minh|phuong-hiep-binh,IN_WARD
street|87814b12db1b9a,ward|ho-chi-minh|phuong-di-an,IN_WARD
street|879743601c81d7,ward|ho-chi-minh|phuong-cau-kieu,IN_WARD
street|87a3902b5cf8b9,ward|ho-chi-minh|phuong-an-hoi-ong,IN_WARD
street|87d5a1b6f759ae,ward|ho-chi-minh|phuong-ong-hung-thuan,IN_WARD
street|87d76fd4cd856d,ward|ho-chi-minh|phuong-hanh-thong,IN_WARD
street|87e4c8485bda3c,ward|ho-chi-minh|phuong-cau-kieu,IN_WARD
street|87f2f498a7fe4e,ward|ho-chi-minh|phuong-phu-thuan,IN_WARD
street|88912dc9e79a89,ward|ho-chi-minh|phuong-cau-ong-lanh,IN_WARD
street|88a8a431d27919,ward|ho-chi-minh|phuong-thanh-my-tay,IN_WARD
street|89446a9b1b45dc,ward|ho-chi-minh|phuong-tang-nhon-phu,IN_WARD
street|8956187ba72587,ward|ho-chi-minh|phuong-thong-tay-hoi,IN_WARD
street|895cae0ea44dff,ward|ho-chi-minh|phuong-binh-trung,IN_WARD
street|897d8f8ae8ccb5,ward|ho-chi-minh|phuong-uc-nhuan,IN_WARD
street|89b37976093f31,ward|ho-chi-minh|phuong-binh-trung,IN_WARD
street|89cf155e6f9914,ward|ho-chi-minh|phuong-long-binh,IN_WARD
street|8a98e3e29879fd,ward|ho-chi-minh|phuong-phu-thanh,IN_WARD
street|8b178d8c34c33d,ward|ho-chi-minh|phuong-binh-ong,IN_WARD
street|8b1f3144435c27,ward|ho-chi-minh|phuong-an-phu-ong,IN_WARD
street|8b29c593a63596,ward|ho-chi-minh|phuong-bay-hien,IN_WARD
street|8b71594e4ef636,ward|ho-chi-minh|phuong-binh-hung-hoa,IN_WARD
street|8b71a433c2bc09,ward|ho-chi-minh|phuong-ben-thanh,IN_WARD
street|8bbe56b2fd23dc,ward|ho-chi-minh|phuong-binh-tri-ong,IN_WARD
street|8c1012fa31da1f,ward|ho-chi-minh|phuong-gia-inh,IN_WARD
street|8c6c625bb7e513,ward|ho-chi-minh|phuong-cau-ong-lanh,IN_WARD
street|8c932d3439db9d,ward|ho-chi-minh|phuong-chanh-hung,IN_WARD
street|8cbcb7d265ecb4,ward|ho-chi-minh|phuong-thong-tay-hoi,IN_WARD
street|8ccb198184d8ad,ward|ho-chi-minh|phuong-binh-tan,IN_WARD
street|8cccf56abc818c,ward|ho-chi-minh|phuong-tan-son,IN_WARD
street|8d209c27a1a942,ward|ho-chi-minh|phuong-long-phuoc,IN_WARD
street|8d693997569e84,ward|ho-chi-minh|phuong-phu-nhuan,IN_WARD
street|8e77a3db9ffb17,ward|ho-chi-minh|phuong-phu-tho,IN_WARD
street|8ecfb9d02e5ff8,ward|ho-chi-minh|phuong-ban-co,IN_WARD
street|8ef28bd779b785,ward|ho-chi-minh|phuong-tay-thanh,IN_WARD
street|8f4317e66e7a61,ward|ho-chi-minh|phuong-hiep-binh,IN_WARD
street|8f47efdc5f349f,ward|ho-chi-minh|phuong-ban-co,IN_WARD
street|8fd628e48c8d22,ward|ho-chi-minh|phuong-cat-lai,IN_WARD
street|900b9b7c6fd69d,ward|ho-chi-minh|phuong-phu-inh,IN_WARD
street|906bfdedd90fb9,ward|ho-chi-minh|phuong-vung-tau,IN_WARD
street|9082ab78273c55,ward|ho-chi-minh|phuong-tan-inh,IN_WARD
street|908b7b8744df37,ward|ho-chi-minh|phuong-binh-loi-trung,IN_WARD
street|90ca215192c672,ward|ho-chi-minh|phuong-binh-ong,IN_WARD
street|90d4b056cfb8be,ward|ho-chi-minh|phuong-ong-hung-thuan,IN_WARD
street|90d539b8fe0016,ward|ho-chi-minh|phuong-an-khanh,IN_WARD
street|90e131f8db3279,ward|ho-chi-minh|phuong-tan-son,IN_WARD
street|915e31504201e8,ward|ho-chi-minh|phuong-sai-gon,IN_WARD
street|91db4571ff7df0,ward|ho-chi-minh|phuong-tan-son-hoa,IN_WARD
street|921e46076b766b,ward|ho-chi-minh|phuong-hiep-binh,IN_WARD
street|922687336883cf,ward|ho-chi-minh|phuong-tang-nhon-phu,IN_WARD
street|925b879a765bcd,ward|ho-chi-minh|phuong-an-hoi-tay,IN_WARD
street|926deef15de720,ward|ho-chi-minh|phuong-hiep-binh,IN_WARD
street|9293b3ccb693cb,ward|ho-chi-minh|phuong-ban-co,IN_WARD
street|92ae342a311759,ward|ho-chi-minh|phuong-cat-lai,IN_WARD
street|92de2566bcb152,ward|ho-chi-minh|xa-nha-be,IN_WARD
street|92fb68f2b43078,ward|ho-chi-minh|phuong-tan-son,IN_WARD
street|9315bc98be2249,ward|ho-chi-minh|phuong-tan-hung,IN_WARD
street|9316fccc718cb0,ward|ho-chi-minh|phuong-thu-uc,IN_WARD
street|932b91a802e562,ward|ho-chi-minh|phuong-trung-my-tay,IN_WARD
street|93a2dd86b961aa,ward|ho-chi-minh|xa-tru-van-tho,IN_WARD
street|93a9e7fe883539,ward|ho-chi-minh|phuong-thu-uc,IN_WARD
street|940f50d7e1703f,ward|ho-chi-minh|xa-tan-nhut,IN_WARD
street|9482ac50ca0b39,ward|ho-chi-minh|phuong-tam-binh,IN_WARD
street|94aa686a1f2bf1,ward|ho-chi-minh|phuong-phu-thuan,IN_WARD
street|94b8e0a41dcbb5,ward|ho-chi-minh|phuong-phu-inh,IN_WARD
street|94cbd7b2a2b662,ward|ho-chi-minh|phuong-tan-son-hoa,IN_WARD
street|94f67e99071a04,ward|ho-chi-minh|phuong-tan-hung,IN_WARD
street|95111019ff79c1,ward|ho-chi-minh|phuong-tan-tao,IN_WARD
street|9545f44010a89f,ward|ho-chi-minh|phuong-binh-loi-trung,IN_WARD
street|955f69ffbff265,ward|ho-chi-minh|phuong-sai-gon,IN_WARD
street|959dd94a37b31a,ward|ho-chi-minh|phuong-tan-son,IN_WARD
street|95db879665a25d,ward|ho-chi-minh|phuong-tan-inh,IN_WARD
street|966d3dd44b87dc,ward|ho-chi-minh|phuong-phu-inh,IN_WARD
street|96c66273914795,ward|ho-chi-minh|phuong-cau-ong-lanh,IN_WARD
street|96e08d43a0038e,ward|ho-chi-minh|phuong-linh-xuan,IN_WARD
street|96eb8b49a62669,ward|ho-chi-minh|phuong-cho-quan,IN_WARD
street|96edaeba327f89,ward|ho-chi-minh|phuong-phu-inh,IN_WARD
street|9735c23697ecac,ward|ho-chi-minh|phuong-chanh-hung,IN_WARD
street|9860a41052e85c,ward|ho-chi-minh|phuong-tam-thang,IN_WARD
street|98a7484bd5b3c5,ward|ho-chi-minh|phuong-an-khanh,IN_WARD
street|98db774afb5425,ward|ho-chi-minh|phuong-trung-my-tay,IN_WARD
street|98e6909bcdd05a,ward|ho-chi-minh|phuong-trung-my-tay,IN_WARD
street|997df04982021b,ward|ho-chi-minh|phuong-an-phu-ong,IN_WARD
street|9a06d3a5b705c1,ward|ho-chi-minh|phuong-an-lac,IN_WARD
street|9a320101084181,ward|ho-chi-minh|phuong-an-hoi-ong,IN_WARD
street|9a37d0981565a6,ward|ho-chi-minh|phuong-tan-hoa,IN_WARD
street|9ab0ea9c8950a1,ward|ho-chi-minh|phuong-an-phu-ong,IN_WARD
street|9b0bb0a9b8b116,ward|ho-chi-minh|xa-hiep-phuoc,IN_WARD
street|9b3742d3321c5c,ward|ho-chi-minh|phuong-rach-dua,IN_WARD
street|9b4dd745ca57ae,ward|ho-chi-minh|xa-nha-be,IN_WARD
street|9bac795d90eecf,ward|ho-chi-minh|phuong-thu-uc,IN_WARD
street|9be6e6b8f99e34,ward|ho-chi-minh|phuong-sai-gon,IN_WARD
street|9c34c3a8c1ba5d,ward|ho-chi-minh|phuong-tang-nhon-phu,IN_WARD
street|9c80cc1ef9866d,ward|ho-chi-minh|phuong-an-lac,IN_WARD
street|9ce167a1b39a6c,ward|ho-chi-minh|phuong-an-nhon,IN_WARD
street|9d17becfbe7908,ward|ho-chi-minh|phuong-hoa-hung,IN_WARD
street|9db2c942c3d972,ward|ho-chi-minh|phuong-tan-binh,IN_WARD
street|9dda15ea57ebb1,ward|ho-chi-minh|phuong-binh-trung,IN_WARD
street|9df7c9041f6a53,ward|ho-chi-minh|phuong-khanh-hoi,IN_WARD
street|9e113275210d4f,ward|ho-chi-minh|phuong-an-lac,IN_WARD
street|9e194544aa29b5,ward|ho-chi-minh|xa-binh-loi,IN_WARD
street|9e395773f201e8,ward|ho-chi-minh|phuong-binh-loi-trung,IN_WARD
street|9e41324b63eca7,ward|ho-chi-minh|phuong-cho-quan,IN_WARD
street|9e7b441a22606f,ward|ho-chi-minh|phuong-vung-tau,IN_WARD
street|9e95c572471099,ward|ho-chi-minh|phuong-hoa-hung,IN_WARD
street|9ec7db9e9b7542,ward|ho-chi-minh|phuong-cho-quan,IN_WARD
street|9f4e45f7c0f582,ward|ho-chi-minh|phuong-ban-co,IN_WARD
street|9f51bb5b3523fe,ward|ho-chi-minh|phuong-xuan-hoa,IN_WARD
street|9f805c98b0f0a3,ward|ho-chi-minh|phuong-minh-phung,IN_WARD
street|a162254a8ec389,ward|ho-chi-minh|phuong-long-truong,IN_WARD
street|a1d7a4e62cfbfb,ward|ho-chi-minh|phuong-an-phu-ong,IN_WARD
street|a1ec8da2ba8b6d,ward|ho-chi-minh|phuong-binh-loi-trung,IN_WARD
street|a23d4cee71e757,ward|ho-chi-minh|phuong-uc-nhuan,IN_WARD
street|a23dc0a830a9dd,ward|ho-chi-minh|phuong-di-an,IN_WARD
street|a24a0e68b8d3e8,ward|ho-chi-minh|phuong-thanh-my-tay,IN_WARD
street|a2c787337ba1c1,ward|ho-chi-minh|phuong-binh-hung-hoa,IN_WARD
street|a34726189bfd92,ward|ho-chi-minh|phuong-nhieu-loc,IN_WARD
street|a3482c2e64ffc2,ward|ho-chi-minh|phuong-long-truong,IN_WARD
street|a3584376cc0a8b,ward|ho-chi-minh|phuong-phu-thanh,IN_WARD
street|a3af5fad94a545,ward|ho-chi-minh|phuong-di-an,IN_WARD
street|a3af6d27574c77,ward|ho-chi-minh|phuong-bay-hien,IN_WARD
street|a3c4707a777840,ward|ho-chi-minh|phuong-thanh-my-tay,IN_WARD
street|a413d01b0037bd,ward|ho-chi-minh|phuong-hiep-binh,IN_WARD
street|a424637c12a87d,ward|ho-chi-minh|xa-ba-iem,IN_WARD
street|a431bcad16fc17,ward|ho-chi-minh|phuong-vuon-lai,IN_WARD
street|a433c0c381ed1e,ward|ho-chi-minh|phuong-ban-co,IN_WARD
street|a44775afc082a2,ward|ho-chi-minh|phuong-an-khanh,IN_WARD
street|a453d9f2bce70f,ward|ho-chi-minh|phuong-trung-my-tay,IN_WARD
street|a466a3f83f76bf,ward|ho-chi-minh|phuong-bay-hien,IN_WARD
street|a4e4ab54d59f6a,ward|ho-chi-minh|phuong-tan-son-nhat,IN_WARD
street|a5520f5c2707e6,ward|ho-chi-minh|phuong-cau-kieu,IN_WARD
street|a56899529dc99e,ward|ho-chi-minh|phuong-khanh-hoi,IN_WARD
street|a58f98d6254181,ward|ho-chi-minh|phuong-cat-lai,IN_WARD
street|a595cc99fa258f,ward|ho-chi-minh|phuong-tan-thoi-hiep,IN_WARD
street|a59ca09961ce1c,ward|ho-chi-minh|phuong-long-binh,IN_WARD
street|a6366d1ab7763e,ward|ho-chi-minh|phuong-an-phu-ong,IN_WARD
street|a6a5a1360f448f,ward|ho-chi-minh|phuong-tan-inh,IN_WARD
street|a6cce37437e169,ward|ho-chi-minh|phuong-binh-trung,IN_WARD
street|a71a6678a6e4d0,ward|ho-chi-minh|phuong-tan-hoa,IN_WARD
street|a71afc09375467,ward|ho-chi-minh|phuong-vinh-hoi,IN_WARD
street|a74359b29f47aa,ward|ho-chi-minh|phuong-bay-hien,IN_WARD
street|a75105dd5ebbad,ward|ho-chi-minh|phuong-tan-son-nhat,IN_WARD
street|a7e8aa2cbb0d12,ward|ho-chi-minh|phuong-binh-trung,IN_WARD
street|a897270c221607,ward|ho-chi-minh|phuong-tan-son-hoa,IN_WARD
street|a8a01536387125,ward|ho-chi-minh|phuong-bay-hien,IN_WARD
street|a8a795946d4bfa,ward|ho-chi-minh|phuong-thoi-an,IN_WARD
street|a8c7bd3f885b91,ward|ho-chi-minh|phuong-binh-hung-hoa,IN_WARD
street|a8cbdb63463338,ward|ho-chi-minh|phuong-binh-hoa,IN_WARD
street|a8da74c6bcaef0,ward|ho-chi-minh|phuong-phu-thanh,IN_WARD
street|a8ee74038c36c7,ward|ho-chi-minh|phuong-an-lac,IN_WARD
street|a942343e895e10,ward|ho-chi-minh|phuong-phu-tho-hoa,IN_WARD
street|a966eeb717f957,ward|ho-chi-minh|phuong-trung-my-tay,IN_WARD
street|a99456ea0988f0,ward|ho-chi-minh|phuong-thanh-my-tay,IN_WARD
street|a999f02b496794,ward|ho-chi-minh|phuong-hiep-binh,IN_WARD
street|a9b959576ead92,ward|ho-chi-minh|phuong-ben-thanh,IN_WARD
street|a9f1e45442c9de,ward|ho-chi-minh|phuong-phu-nhuan,IN_WARD
street|aa49e4a3d1f6b7,ward|ho-chi-minh|phuong-phu-thuan,IN_WARD
street|aa70ed05de5078,ward|ho-chi-minh|phuong-tan-thoi-hiep,IN_WARD
street|aa75403840213a,ward|ho-chi-minh|phuong-binh-tan,IN_WARD
street|aadedd18eff5d2,ward|ho-chi-minh|phuong-tan-son-nhat,IN_WARD
street|aaec6d3815651f,ward|ho-chi-minh|phuong-tan-son-nhat,IN_WARD
street|ab2c9476fe90b3,ward|ho-chi-minh|phuong-hiep-binh,IN_WARD
street|ab3fe0c5a08be4,ward|ho-chi-minh|phuong-cau-kieu,IN_WARD
street|ab730eb183662a,ward|ho-chi-minh|phuong-binh-hung-hoa,IN_WARD
street|ab746fe41516ad,ward|ho-chi-minh|phuong-phu-thanh,IN_WARD
street|ab787f053d3423,ward|ho-chi-minh|phuong-phu-tho-hoa,IN_WARD
street|abba05f4e26445,ward|ho-chi-minh|phuong-tan-son,IN_WARD
street|abf7ac814b95df,ward|ho-chi-minh|phuong-tam-thang,IN_WARD
street|ac26955f7b0dd1,ward|ho-chi-minh|phuong-an-nhon,IN_WARD
street|ac544761c7e62b,ward|ho-chi-minh|xa-binh-chanh,IN_WARD
street|ac6fc5e72408aa,ward|ho-chi-minh|phuong-binh-thanh,IN_WARD
street|acecbc1f44e11d,ward|ho-chi-minh|phuong-thoi-hoa,IN_WARD
street|ad5725296b9f0a,ward|ho-chi-minh|phuong-vung-tau,IN_WARD
street|ad959a14a082bb,ward|ho-chi-minh|phuong-an-phu-ong,IN_WARD
street|adabfc729d6f3e,ward|ho-chi-minh|phuong-thu-uc,IN_WARD
street|adae8d3ff7067a,ward|ho-chi-minh|phuong-phu-nhuan,IN_WARD
street|aea7d247cba18c,ward|ho-chi-minh|phuong-ben-thanh,IN_WARD
street|aed349d41fb569,ward|ho-chi-minh|phuong-long-truong,IN_WARD
street|aef66eaa87e57a,ward|ho-chi-minh|xa-hoc-mon,IN_WARD
street|afac4e6c0c196e,ward|ho-chi-minh|phuong-tan-son-nhi,IN_WARD
street|aff4f0c06a4647,ward|ho-chi-minh|phuong-thu-uc,IN_WARD
street|b013d13ea327f2,ward|ho-chi-minh|phuong-binh-tan,IN_WARD
street|b050e6d5dc8720,ward|ho-chi-minh|phuong-vung-tau,IN_WARD
street|b0590672033d04,ward|ho-chi-minh|phuong-tang-nhon-phu,IN_WARD
street|b09cd32f54cd52,ward|ho-chi-minh|phuong-long-binh,IN_WARD
street|b0dd96d1c8aa48,ward|ho-chi-minh|phuong-binh-tien,IN_WARD
street|b1012539eea678,ward|ho-chi-minh|phuong-thuan-giao,IN_WARD
street|b10f9e10bab83c,ward|ho-chi-minh|phuong-xom-chieu,IN_WARD
street|b1145f25a2568c,ward|ho-chi-minh|phuong-long-truong,IN_WARD
street|b1b73e7c0ce418,ward|ho-chi-minh|phuong-an-khanh,IN_WARD
street|b1e569f75ebac1,ward|ho-chi-minh|phuong-binh-tay,IN_WARD
street|b2b2e75849503c,ward|ho-chi-minh|phuong-binh-quoi,IN_WARD
street|b2c2b632dd468d,ward|ho-chi-minh|phuong-thu-uc,IN_WARD
street|b2ce86a2b8ffff,ward|ho-chi-minh|phuong-an-hoi-tay,IN_WARD
street|b2f2839bbf1849,ward|ho-chi-minh|phuong-tan-tao,IN_WARD
street|b31d666025d10f,ward|ho-chi-minh|phuong-go-vap,IN_WARD
street|b3281596130769,ward|ho-chi-minh|phuong-khanh-hoi,IN_WARD
street|b344292ab066bc,ward|ho-chi-minh|phuong-tan-son-hoa,IN_WARD
street|b345dc20df5c7e,ward|ho-chi-minh|phuong-phuoc-long,IN_WARD
street|b3a90a060f1033,ward|ho-chi-minh|phuong-gia-inh,IN_WARD
street|b4301634691c30,ward|ho-chi-minh|phuong-binh-tan,IN_WARD
street|b43345e07dcb96,ward|ho-chi-minh|phuong-binh-trung,IN_WARD
street|b46e5cd88d6a06,ward|ho-chi-minh|phuong-thu-uc,IN_WARD
street|b4bb8962f732ba,ward|ho-chi-minh|phuong-phu-nhuan,IN_WARD
street|b4bdab9328d165,ward|ho-chi-minh|phuong-tang-nhon-phu,IN_WARD
street|b4e51a905abea6,ward|ho-chi-minh|phuong-tan-son-nhi,IN_WARD
street|b4f18a041afc5e,ward|ho-chi-minh|phuong-binh-hung-hoa,IN_WARD
street|b5815aa35eccee,ward|ho-chi-minh|phuong-an-phu-ong,IN_WARD
street|b58c05d82e912b,ward|ho-chi-minh|phuong-long-binh,IN_WARD
street|b5983b1a40d9e8,ward|ho-chi-minh|phuong-vung-tau,IN_WARD
street|b5b9d124e6779b,ward|ho-chi-minh|phuong-tan-son-hoa,IN_WARD
street|b5c12d514a80c9,ward|ho-chi-minh|phuong-an-lac,IN_WARD
street|b602b18e9f8a7f,ward|ho-chi-minh|phuong-phu-nhuan,IN_WARD
street|b6251fe1298d19,ward|ho-chi-minh|phuong-an-hoi-ong,IN_WARD
street|b640de9a26053e,ward|ho-chi-minh|phuong-tan-inh,IN_WARD
street|b669d2cedacea2,ward|ho-chi-minh|phuong-thong-tay-hoi,IN_WARD
street|b6c82a56794de0,ward|ho-chi-minh|phuong-vung-tau,IN_WARD
street|b700f771537b2d,ward|ho-chi-minh|phuong-tan-son-hoa,IN_WARD
street|b71ccd8512d086,ward|ho-chi-minh|phuong-uc-nhuan,IN_WARD
street|b73c55d4cf9fc3,ward|ho-chi-minh|phuong-tan-binh,IN_WARD
street|b81227929f2170,ward|ho-chi-minh|phuong-tan-binh,IN_WARD
street|b81d499e3c7c5b,ward|ho-chi-minh|phuong-tan-son-nhi,IN_WARD
street|b8268ab5b82a0d,ward|ho-chi-minh|xa-hiep-phuoc,IN_WARD
street|b84ac389f8f4ab,ward|ho-chi-minh|phuong-cat-lai,IN_WARD
street|b85c806091a880,ward|ho-chi-minh|phuong-phu-nhuan,IN_WARD
street|b87e1fc6587fd9,ward|ho-chi-minh|phuong-ben-thanh,IN_WARD
street|b8c0846cd936a3,ward|ho-chi-minh|xa-tan-vinh-loc,IN_WARD
street|b8c6685b939fa5,ward|ho-chi-minh|phuong-tan-thuan,IN_WARD
street|b8ca2c0745144f,ward|ho-chi-minh|phuong-hiep-binh,IN_WARD
street|b8d42624e987b0,ward|ho-chi-minh|phuong-tan-son-nhat,IN_WARD
street|b8d49aa450a9f3,ward|ho-chi-minh|phuong-cau-ong-lanh,IN_WARD
street|b8f499758d35bb,ward|ho-chi-minh|phuong-binh-thanh,IN_WARD
street|b98a9431974346,ward|ho-chi-minh|phuong-tan-hung,IN_WARD
street|b9bc687976d35d,ward|ho-chi-minh|phuong-binh-phu,IN_WARD
street|b9fe82788d5117,ward|ho-chi-minh|phuong-binh-trung,IN_WARD
street|ba2a2bebcc4ae3,ward|ho-chi-minh|phuong-phuoc-long,IN_WARD
street|ba448534f42616,ward|ho-chi-minh|phuong-hoa-hung,IN_WARD
street|baae44a8ffde8b,ward|ho-chi-minh|phuong-phu-thuan,IN_WARD
street|bad1e86750521e,ward|ho-chi-minh|phuong-tang-nhon-phu,IN_WARD
street|bb14a3234952d3,ward|ho-chi-minh|phuong-di-an,IN_WARD
street|bb171da1174a37,ward|ho-chi-minh|xa-nha-be,IN_WARD
street|bb50159a4d6187,ward|ho-chi-minh|phuong-tan-son-nhat,IN_WARD
street|bb701d701e4b6b,ward|ho-chi-minh|phuong-phu-nhuan,IN_WARD
street|bb790b85de1a21,ward|ho-chi-minh|phuong-hiep-binh,IN_WARD
street|bb98a09c638a8f,ward|ho-chi-minh|phuong-tan-tao,IN_WARD
street|bbd247461aab0a,ward|ho-chi-minh|phuong-thu-dau-mot,IN_WARD
street|bbf091672b12fa,ward|ho-chi-minh|phuong-tan-binh,IN_WARD
street|bc2f0f6bca8384,ward|ho-chi-minh|phuong-nhieu-loc,IN_WARD
street|bc3aa967779ebb,ward|ho-chi-minh|xa-nha-be,IN_WARD
street|bc579d46c4b33d,ward|ho-chi-minh|phuong-cau-kieu,IN_WARD
street|bc5cc3b63c4287,ward|ho-chi-minh|phuong-tan-hung,IN_WARD
street|bc7328d74dd78d,ward|ho-chi-minh|phuong-tan-son-nhat,IN_WARD
street|bcc56176355d79,ward|ho-chi-minh|phuong-cau-ong-lanh,IN_WARD
street|bd1a4d93d1ca99,ward|ho-chi-minh|phuong-binh-trung,IN_WARD
street|bd3f33904d5361,ward|ho-chi-minh|phuong-chanh-hung,IN_WARD
street|bd5cde93acb8c8,ward|ho-chi-minh|phuong-cau-ong-lanh,IN_WARD
street|bd69a4e0c01ea1,ward|ho-chi-minh|phuong-binh-tri-ong,IN_WARD
street|be0cebf625fb50,ward|ho-chi-minh|phuong-binh-trung,IN_WARD
street|be13758b1f68ec,ward|ho-chi-minh|phuong-tan-inh,IN_WARD
street|be1902275d95ca,ward|ho-chi-minh|phuong-an-ong,IN_WARD
street|be612371a7d71f,ward|ho-chi-minh|phuong-vuon-lai,IN_WARD
street|be81db0328e091,ward|ho-chi-minh|phuong-ong-hung-thuan,IN_WARD
street|be9ed4380d4bfd,ward|ho-chi-minh|phuong-tan-inh,IN_WARD
street|bebd3613015bc2,ward|ho-chi-minh|phuong-di-an,IN_WARD
street|becdf4f9b5b310,ward|ho-chi-minh|phuong-vuon-lai,IN_WARD
street|bf0ab45537bb54,ward|ho-chi-minh|phuong-tan-inh,IN_WARD
street|bf104009fd2deb,ward|ho-chi-minh|phuong-binh-tan,IN_WARD
street|bf1b19a53f36b8,ward|ho-chi-minh|phuong-thoi-an,IN_WARD
street|bf1dc48f3ca5b0,ward|ho-chi-minh|phuong-binh-thanh,IN_WARD
street|bf5b7df1e19555,ward|ho-chi-minh|phuong-phu-thanh,IN_WARD
street|bf7331eb5e2683,ward|ho-chi-minh|phuong-hiep-binh,IN_WARD
street|bfa39e64dcfb83,ward|ho-chi-minh|phuong-hoa-hung,IN_WARD
street|c007e75bf2f3fc,ward|ho-chi-minh|phuong-thu-uc,IN_WARD
street|c012b4424f1f16,ward|ho-chi-minh|phuong-phu-thanh,IN_WARD
street|c024f5b4dbd53f,ward|ho-chi-minh|phuong-long-binh,IN_WARD
street|c03cd56194ca7c,ward|ho-chi-minh|phuong-uc-nhuan,IN_WARD
street|c03d522a90bf84,ward|ho-chi-minh|phuong-phu-tho-hoa,IN_WARD
street|c049645f7e07e3,ward|ho-chi-minh|phuong-xom-chieu,IN_WARD
street|c126e67734dbd6,ward|ho-chi-minh|phuong-thu-dau-mot,IN_WARD
street|c1793d7ab6fb2e,ward|ho-chi-minh|phuong-vung-tau,IN_WARD
street|c17d4968b9906b,ward|ho-chi-minh|phuong-hiep-binh,IN_WARD
street|c1d77b5e10fb0d,ward|ho-chi-minh|phuong-binh-tri-ong,IN_WARD
street|c2225f0e021edb,ward|ho-chi-minh|phuong-gia-inh,IN_WARD
street|c24f03f446ef4c,ward|ho-chi-minh|phuong-binh-phu,IN_WARD
street|c253cc199fceee,ward|ho-chi-minh|phuong-tan-phu,IN_WARD
street|c27254b9ed386e,ward|ho-chi-minh|phuong-an-phu-ong,IN_WARD
street|c2d9b7d86b84f5,ward|ho-chi-minh|phuong-tan-son-nhi,IN_WARD
street|c2dad9020366d3,ward|ho-chi-minh|phuong-binh-tay,IN_WARD
street|c2e5f413e8ed45,ward|ho-chi-minh|phuong-an-lac,IN_WARD
street|c333be045cf86b,ward|ho-chi-minh|phuong-binh-trung,IN_WARD
street|c340831943c979,ward|ho-chi-minh|phuong-cat-lai,IN_WARD
street|c34edd180c1a68,ward|ho-chi-minh|phuong-ong-hung-thuan,IN_WARD
street|c36c8e4353e372,ward|ho-chi-minh|phuong-vinh-hoi,IN_WARD
street|c37a8549338e3a,ward|ho-chi-minh|phuong-rach-dua,IN_WARD
street|c388fe0155f3b8,ward|ho-chi-minh|phuong-dien-hong,IN_WARD
street|c3c72dd9f32405,ward|ho-chi-minh|phuong-tan-hung,IN_WARD
street|c3d2cf08ae6a13,ward|ho-chi-minh|phuong-tan-son-nhi,IN_WARD
street|c441867d7dc366,ward|ho-chi-minh|phuong-go-vap,IN_WARD
street|c47b64c154bc8e,ward|ho-chi-minh|phuong-hanh-thong,IN_WARD
street|c4b851ee53ae81,ward|ho-chi-minh|phuong-thoi-an,IN_WARD
street|c4bff55114df27,ward|ho-chi-minh|phuong-tan-thoi-hiep,IN_WARD
street|c4c9f11de0170d,ward|ho-chi-minh|phuong-tan-hung,IN_WARD
street|c4d38555b485b2,ward|ho-chi-minh|phuong-sai-gon,IN_WARD
street|c5423098739da2,ward|ho-chi-minh|phuong-cau-kieu,IN_WARD
street|c59cf4ea46b6ad,ward|ho-chi-minh|phuong-cho-quan,IN_WARD
street|c6105f31739999,ward|ho-chi-minh|phuong-tan-thuan,IN_WARD
street|c64b9b327ed74f,ward|ho-chi-minh|phuong-thoi-an,IN_WARD
street|c66fe442d274d4,ward|ho-chi-minh|phuong-binh-hung-hoa,IN_WARD
street|c6781ca3382769,ward|ho-chi-minh|phuong-xuan-hoa,IN_WARD
street|c6bb56fcc7853b,ward|ho-chi-minh|phuong-tan-son-nhat,IN_WARD
street|c717eb95f3d208,ward|ho-chi-minh|xa-bau-bang,IN_WARD
street|c773d6bc42285e,ward|ho-chi-minh|phuong-tan-thuan,IN_WARD
street|c79b567ac98daa,ward|ho-chi-minh|xa-hoc-mon,IN_WARD
street|c7afcfa62454bf,ward|ho-chi-minh|phuong-binh-hung-hoa,IN_WARD
street|c7df1da9a5be96,ward|ho-chi-minh|phuong-bay-hien,IN_WARD
street|c7f257f7b2bcd3,ward|ho-chi-minh|phuong-phu-thanh,IN_WARD
street|c8036a0b85980a,ward|ho-chi-minh|xa-tan-nhut,IN_WARD
street|c88becbcc1a11c,ward|ho-chi-minh|xa-binh-chanh,IN_WARD
street|c8b002d330f987,ward|ho-chi-minh|phuong-binh-trung,IN_WARD
street|c8b7b1f4440cee,ward|ho-chi-minh|phuong-cau-ong-lanh,IN_WARD
street|c90e57cfc53de8,ward|ho-chi-minh|phuong-an-khanh,IN_WARD
street|c98809d6510926,ward|ho-chi-minh|phuong-ong-hung-thuan,IN_WARD
street|ca0ee6b052bc14,ward|ho-chi-minh|phuong-thoi-an,IN_WARD
street|ca86a5ad2e808a,ward|ho-chi-minh|phuong-binh-loi-trung,IN_WARD
street|cb395efff72e29,ward|ho-chi-minh|phuong-thoi-an,IN_WARD
street|cb5dde6b87798b,ward|ho-chi-minh|phuong-vinh-hoi,IN_WARD
street|cb69dbb48551f4,ward|ho-chi-minh|phuong-tan-son-hoa,IN_WARD
street|cb7f20fa2ad729,ward|ho-chi-minh|phuong-tan-son-nhi,IN_WARD
street|cbfe693e357dc0,ward|ho-chi-minh|phuong-an-hoi-tay,IN_WARD
street|cc086369204ce8,ward|ho-chi-minh|phuong-cau-kieu,IN_WARD
street|cc3cfffb9651de,ward|ho-chi-minh|phuong-gia-inh,IN_WARD
street|cc82708de990c6,ward|ho-chi-minh|xa-binh-loi,IN_WARD
street|cce07031db18df,ward|ho-chi-minh|phuong-phu-nhuan,IN_WARD
street|cd56eeb780c4a6,ward|ho-chi-minh|phuong-thoi-an,IN_WARD
street|cd575b935bdb25,ward|ho-chi-minh|phuong-binh-loi-trung,IN_WARD
street|cd68a2119e18d6,ward|ho-chi-minh|phuong-phu-nhuan,IN_WARD
street|cd97b0421331d4,ward|ho-chi-minh|phuong-cat-lai,IN_WARD
street|cdcbdf071d8be8,ward|ho-chi-minh|phuong-hiep-binh,IN_WARD
street|ce2f24e7f96b4f,ward|ho-chi-minh|phuong-cat-lai,IN_WARD
street|ce5c5bf2c9b5b9,ward|ho-chi-minh|phuong-long-phuoc,IN_WARD
street|ceab58fccf4097,ward|ho-chi-minh|phuong-an-hoi-tay,IN_WARD
street|cee9071a1a47b3,ward|ho-chi-minh|phuong-hanh-thong,IN_WARD
street|cf4c6452ff699e,ward|ho-chi-minh|phuong-tan-inh,IN_WARD
street|cf79c162d0a6dd,ward|ho-chi-minh|phuong-hanh-thong,IN_WARD
street|cfea776fc2506e,ward|ho-chi-minh|phuong-tan-phu,IN_WARD
street|d055a25dec0080,ward|ho-chi-minh|xa-xuan-thoi-son,IN_WARD
street|d06441e43c23dd,ward|ho-chi-minh|xa-xuan-thoi-son,IN_WARD
street|d073b77ec12bfc,ward|ho-chi-minh|xa-tru-van-tho,IN_WARD
street|d092ee0458f49f,ward|ho-chi-minh|phuong-an-ong,IN_WARD
street|d0b91d5e15efb6,ward|ho-chi-minh|phuong-tang-nhon-phu,IN_WARD
street|d0bd8b8ea6c620,ward|ho-chi-minh|phuong-dien-hong,IN_WARD
street|d129d0e7eb121c,ward|ho-chi-minh|phuong-ong-hung-thuan,IN_WARD
street|d1686819d0db28,ward|ho-chi-minh|phuong-tang-nhon-phu,IN_WARD
street|d178c8b4130c4d,ward|ho-chi-minh|phuong-tan-thuan,IN_WARD
street|d1c906d47a908a,ward|ho-chi-minh|phuong-minh-phung,IN_WARD
street|d227b1e696228a,ward|ho-chi-minh|phuong-cau-kieu,IN_WARD
street|d250dd36beb180,ward|ho-chi-minh|phuong-ben-thanh,IN_WARD
street|d2ed8974ff832d,ward|ho-chi-minh|phuong-tan-tao,IN_WARD
street|d35ec6efd08d26,ward|ho-chi-minh|phuong-gia-inh,IN_WARD
street|d3a38740a1f87c,ward|ho-chi-minh|phuong-tan-tao,IN_WARD
street|d3ab654afc0218,ward|ho-chi-minh|phuong-bay-hien,IN_WARD
street|d3ba8af6964866,ward|ho-chi-minh|phuong-ban-co,IN_WARD
street|d4162129a6517c,ward|ho-chi-minh|phuong-xuan-hoa,IN_WARD
street|d456e9533f38a1,ward|ho-chi-minh|phuong-cho-lon,IN_WARD
street|d4a4fcf9415eb3,ward|ho-chi-minh|phuong-an-hoi-ong,IN_WARD
street|d4fbd248134697,ward|ho-chi-minh|phuong-bay-hien,IN_WARD
street|d53d0026972b5a,ward|ho-chi-minh|xa-tru-van-tho,IN_WARD
street|d57cf08179faf8,ward|ho-chi-minh|phuong-tan-binh,IN_WARD
street|d57d9c58bd7ac1,ward|ho-chi-minh|phuong-tan-son-nhi,IN_WARD
street|d68019e962d2b0,ward|ho-chi-minh|phuong-tay-thanh,IN_WARD
street|d6a33fbb583196,ward|ho-chi-minh|phuong-uc-nhuan,IN_WARD
street|d6cb744a5da8b0,ward|ho-chi-minh|phuong-binh-hung-hoa,IN_WARD
street|d7233c8af95a4c,ward|ho-chi-minh|phuong-tang-nhon-phu,IN_WARD
street|d7a60e73467915,ward|ho-chi-minh|xa-binh-hung,IN_WARD
street|d7b6768b709310,ward|ho-chi-minh|phuong-an-lac,IN_WARD
street|d7cbb097bd4703,ward|ho-chi-minh|phuong-tan-son-nhi,IN_WARD
street|d7d74c822a6522,ward|ho-chi-minh|phuong-long-truong,IN_WARD
street|d8372c276a92fd,ward|ho-chi-minh|phuong-phu-loi,IN_WARD
street|d8d69c333a2efa,ward|ho-chi-minh|phuong-tan-phu,IN_WARD
street|d8fe8c6fc2a2a7,ward|ho-chi-minh|phuong-an-lac,IN_WARD
street|d960be357e70e8,ward|ho-chi-minh|phuong-tay-thanh,IN_WARD
street|d96dadcd4d886c,ward|ho-chi-minh|phuong-an-phu-ong,IN_WARD
street|d9a869ad46642c,ward|ho-chi-minh|phuong-tang-nhon-phu,IN_WARD
street|d9c9e2c5cc3d4b,ward|ho-chi-minh|phuong-vung-tau,IN_WARD
street|d9d117288d475c,ward|ho-chi-minh|phuong-thoi-hoa,IN_WARD
street|da7b153e1ab988,ward|ho-chi-minh|phuong-phu-loi,IN_WARD
street|daa9a2c650f19d,ward|ho-chi-minh|phuong-vung-tau,IN_WARD
street|dab19aba68d60e,ward|ho-chi-minh|xa-tan-an-hoi,IN_WARD
street|db0861b626f000,ward|ho-chi-minh|xa-hung-long,IN_WARD
street|db0d00078e9b7b,ward|ho-chi-minh|phuong-hoa-hung,IN_WARD
street|db427a7e6c1ddb,ward|ho-chi-minh|phuong-thanh-my-tay,IN_WARD
street|db5485ad88f4c9,ward|ho-chi-minh|phuong-tan-hung,IN_WARD
street|db8e3643469703,ward|ho-chi-minh|phuong-phuoc-long,IN_WARD
street|dbd34e7d9cb690,ward|ho-chi-minh|phuong-tan-son,IN_WARD
street|dbdf75c2fc337d,ward|ho-chi-minh|phuong-ong-hung-thuan,IN_WARD
street|dc17efb1356d81,ward|ho-chi-minh|phuong-hiep-binh,IN_WARD
street|dc3c886aaa61a2,ward|ho-chi-minh|phuong-nhieu-loc,IN_WARD
street|dcbc87310129fd,ward|ho-chi-minh|xa-tan-nhut,IN_WARD
street|dcf7d44584f8bb,ward|ho-chi-minh|phuong-phu-tho-hoa,IN_WARD
street|dd0a1913763430,ward|ho-chi-minh|phuong-tan-my,IN_WARD
street|dd10ad818f0032,ward|ho-chi-minh|phuong-nhieu-loc,IN_WARD
street|dd2f1240114330,ward|ho-chi-minh|phuong-ong-hoa,IN_WARD
street|dd90fd4c2763c8,ward|ho-chi-minh|phuong-hiep-binh,IN_WARD
street|dda65557e9c6f3,ward|ho-chi-minh|xa-nha-be,IN_WARD
street|dddc928be64fb3,ward|ho-chi-minh|phuong-an-nhon,IN_WARD
street|ddf521b1117815,ward|ho-chi-minh|phuong-chanh-hung,IN_WARD
street|de0ef3ae1a15e9,ward|ho-chi-minh|phuong-chanh-hung,IN_WARD
street|de0fc9cc4b8ffd,ward|ho-chi-minh|phuong-tan-binh,IN_WARD
street|de171950a98d03,ward|ho-chi-minh|phuong-binh-trung,IN_WARD
street|de675116395a5a,ward|ho-chi-minh|phuong-cau-kieu,IN_WARD
street|deb0eefda17a20,ward|ho-chi-minh|phuong-hoa-binh,IN_WARD
street|deefa2ec0b8254,ward|ho-chi-minh|phuong-nhieu-loc,IN_WARD
street|df22983f8b026c,ward|ho-chi-minh|phuong-tan-son-nhat,IN_WARD
street|dfbfb95ec3a569,ward|ho-chi-minh|phuong-xom-chieu,IN_WARD
street|e0089213b2f69c,ward|ho-chi-minh|phuong-phu-thuan,IN_WARD
street|e0493d7a9cc01e,ward|ho-chi-minh|phuong-cau-kieu,IN_WARD
street|e04ccfb95d4db9,ward|ho-chi-minh|phuong-tan-son-nhat,IN_WARD
street|e09d2306b507f8,ward|ho-chi-minh|phuong-phuoc-long,IN_WARD
street|e0a94279e79945,ward|ho-chi-minh|phuong-vuon-lai,IN_WARD
street|e0e4398347f318,ward|ho-chi-minh|phuong-hoa-binh,IN_WARD
street|e105b60a906e08,ward|ho-chi-minh|phuong-tan-thuan,IN_WARD
street|e15557bac26932,ward|ho-chi-minh|phuong-hiep-binh,IN_WARD
street|e1564b8a336fc9,ward|ho-chi-minh|phuong-phu-inh,IN_WARD
street|e15c5f9415365d,ward|ho-chi-minh|phuong-binh-tri-ong,IN_WARD
street|e1da2109febf37,ward|ho-chi-minh|phuong-sai-gon,IN_WARD
street|e2546bcce9284f,ward|ho-chi-minh|phuong-xuan-hoa,IN_WARD
street|e2945d871e1abe,ward|ho-chi-minh|xa-bau-bang,IN_WARD
street|e2aadb2e8ada1a,ward|ho-chi-minh|phuong-an-hoi-tay,IN_WARD
street|e2b65cefd9a1e4,ward|ho-chi-minh|phuong-thoi-hoa,IN_WARD
street|e2e4ba2f047ad0,ward|ho-chi-minh|phuong-tan-son-nhat,IN_WARD
street|e2f481b7a480d0,ward|ho-chi-minh|phuong-cho-quan,IN_WARD
street|e331370630dd35,ward|ho-chi-minh|phuong-cau-ong-lanh,IN_WARD
street|e3e7f1fc357d22,ward|ho-chi-minh|phuong-nhieu-loc,IN_WARD
street|e45d46d50938d0,ward|ho-chi-minh|phuong-tan-tao,IN_WARD
street|e48a722d4b1d42,ward|ho-chi-minh|phuong-tay-thanh,IN_WARD
street|e492cdf2b44221,ward|ho-chi-minh|phuong-cho-quan,IN_WARD
street|e4af23d6fa4bbe,ward|ho-chi-minh|phuong-hoa-hung,IN_WARD
street|e4f4415c385f08,ward|ho-chi-minh|phuong-hoa-hung,IN_WARD
street|e53552fae1ec23,ward|ho-chi-minh|phuong-phu-tho,IN_WARD
street|e5930f218d06e2,ward|ho-chi-minh|phuong-phu-inh,IN_WARD
street|e5affe0780a079,ward|ho-chi-minh|phuong-tan-binh,IN_WARD
street|e5fc1ec720e5e4,ward|ho-chi-minh|phuong-tan-my,IN_WARD
street|e61a3c64d68fc4,ward|ho-chi-minh|phuong-hiep-binh,IN_WARD
street|e65ae6da2234ab,ward|ho-chi-minh|phuong-tan-son-nhi,IN_WARD
street|e736d29f6e42a2,ward|ho-chi-minh|phuong-an-lac,IN_WARD
street|e7471d6ee2c335,ward|ho-chi-minh|phuong-cat-lai,IN_WARD
street|e75770a5a6f045,ward|ho-chi-minh|phuong-tan-son,IN_WARD
street|e7c1dd51c18304,ward|ho-chi-minh|phuong-binh-thanh,IN_WARD
street|e7cf0e7e1921d9,ward|ho-chi-minh|phuong-tan-son-nhat,IN_WARD
street|e806379a99a824,ward|ho-chi-minh|phuong-cat-lai,IN_WARD
street|e80c444e1968a1,ward|ho-chi-minh|phuong-tan-my,IN_WARD
street|e82b6777f250f5,ward|ho-chi-minh|phuong-tan-inh,IN_WARD
street|e83edd16808200,ward|ho-chi-minh|phuong-tan-hung,IN_WARD
street|e88e027df2a366,ward|ho-chi-minh|phuong-hiep-binh,IN_WARD
street|e8c38cdb1d892d,ward|ho-chi-minh|phuong-long-binh,IN_WARD
street|e9414576f26a2f,ward|ho-chi-minh|phuong-binh-phu,IN_WARD
street|e9566f47b5ee0f,ward|ho-chi-minh|phuong-binh-trung,IN_WARD
street|e959e40f320024,ward|ho-chi-minh|xa-binh-loi,IN_WARD
street|e99110dccf3c85,ward|ho-chi-minh|phuong-tam-thang,IN_WARD
street|e9d0fa092dc029,ward|ho-chi-minh|phuong-thong-tay-hoi,IN_WARD
street|ea5c42ef90dd93,ward|ho-chi-minh|xa-nha-be,IN_WARD
street|ea64eb8d8fe2e1,ward|ho-chi-minh|phuong-tan-hung,IN_WARD
street|eafdc0cac56524,ward|ho-chi-minh|phuong-ban-co,IN_WARD
street|eb79d9c0174aa2,ward|ho-chi-minh|phuong-linh-xuan,IN_WARD
street|ebfeb698c3776a,ward|ho-chi-minh|phuong-an-lac,IN_WARD
street|ec1388cfb787f1,ward|ho-chi-minh|xa-ba-iem,IN_WARD
street|ec23283d6b2b12,ward|ho-chi-minh|phuong-tang-nhon-phu,IN_WARD
street|ec34e12913c53b,ward|ho-chi-minh|phuong-an-hoi-tay,IN_WARD
street|ec8d795d35d3c0,ward|ho-chi-minh|phuong-binh-hung-hoa,IN_WARD
street|ecd524a86e58f8,ward|ho-chi-minh|phuong-binh-tri-ong,IN_WARD
street|ed0d67c0f96715,ward|ho-chi-minh|phuong-tan-hung,IN_WARD
street|ed29106b1a940b,ward|ho-chi-minh|phuong-hiep-binh,IN_WARD
street|ed92e32d74ae10,ward|ho-chi-minh|phuong-gia-inh,IN_WARD
street|edfdac927bcf03,ward|ho-chi-minh|phuong-linh-xuan,IN_WARD
street|eebe89a875cb8f,ward|ho-chi-minh|phuong-binh-hung-hoa,IN_WARD
street|eedaab1373c3d6,ward|ho-chi-minh|phuong-thu-uc,IN_WARD
street|eedc2d6d2f8f2b,ward|ho-chi-minh|phuong-thoi-an,IN_WARD
street|ef4c231490f410,ward|ho-chi-minh|phuong-an-hoi-tay,IN_WARD
street|f007d1d519f583,ward|ho-chi-minh|phuong-thu-uc,IN_WARD
street|f04d6f15471218,ward|ho-chi-minh|phuong-phu-tho,IN_WARD
street|f113cf2a3c082c,ward|ho-chi-minh|phuong-an-hoi-ong,IN_WARD
street|f12396010c72b1,ward|ho-chi-minh|phuong-gia-inh,IN_WARD
street|f142131d78ba39,ward|ho-chi-minh|xa-hoc-mon,IN_WARD
street|f175466c794ede,ward|ho-chi-minh|phuong-phu-thuan,IN_WARD
street|f1bebdd1461800,ward|ho-chi-minh|phuong-phu-nhuan,IN_WARD
street|f1ea81aa5dc701,ward|ho-chi-minh|phuong-hanh-thong,IN_WARD
street|f1ead5a6918d30,ward|ho-chi-minh|phuong-hoa-hung,IN_WARD
street|f204a2d69ec368,ward|ho-chi-minh|phuong-phu-tho-hoa,IN_WARD
street|f245142d63ffe8,ward|ho-chi-minh|phuong-binh-tan,IN_WARD
street|f247f857578ba1,ward|ho-chi-minh|phuong-tang-nhon-phu,IN_WARD
street|f254e5c1aeabed,ward|ho-chi-minh|phuong-an-lac,IN_WARD
street|f27088b2bc980e,ward|ho-chi-minh|phuong-an-hoi-ong,IN_WARD
street|f28b559898db6a,ward|ho-chi-minh|phuong-thong-tay-hoi,IN_WARD
street|f2b603588027f9,ward|ho-chi-minh|phuong-di-an,IN_WARD
street|f2dde35db927c2,ward|ho-chi-minh|phuong-an-lac,IN_WARD
street|f2fb5693486e1e,ward|ho-chi-minh|phuong-tam-thang,IN_WARD
street|f2fe205ab9ea39,ward|ho-chi-minh|phuong-thoi-an,IN_WARD
street|f36090d41e789a,ward|ho-chi-minh|phuong-phuoc-long,IN_WARD
street|f3af161f224baa,ward|ho-chi-minh|phuong-ben-thanh,IN_WARD
street|f3b65491e35f63,ward|ho-chi-minh|phuong-an-phu-ong,IN_WARD
street|f416d524c63ad6,ward|ho-chi-minh|phuong-tam-thang,IN_WARD
street|f481976c16959e,ward|ho-chi-minh|xa-tan-vinh-loc,IN_WARD
street|f485622bc13a3b,ward|ho-chi-minh|phuong-vuon-lai,IN_WARD
street|f4a8d665b71b3b,ward|ho-chi-minh|xa-tru-van-tho,IN_WARD
street|f509aa3baf0360,ward|ho-chi-minh|phuong-thu-uc,IN_WARD
street|f50addc99473d3,ward|ho-chi-minh|phuong-thoi-an,IN_WARD
street|f571de1561fcda,ward|ho-chi-minh|phuong-long-phuoc,IN_WARD
street|f5d09271d0f82d,ward|ho-chi-minh|phuong-binh-hung-hoa,IN_WARD
street|f62e36c43f8846,ward|ho-chi-minh|phuong-xuan-hoa,IN_WARD
street|f661f9b1a2410b,ward|ho-chi-minh|phuong-phu-thuan,IN_WARD
street|f686263388a558,ward|ho-chi-minh|phuong-vinh-hoi,IN_WARD
street|f6be0217c06df3,ward|ho-chi-minh|xa-hiep-phuoc,IN_WARD
street|f6f8f816b32356,ward|ho-chi-minh|phuong-an-phu-ong,IN_WARD
street|f73017637b304a,ward|ho-chi-minh|phuong-go-vap,IN_WARD
street|f7737c816b8812,ward|ho-chi-minh|phuong-chanh-hung,IN_WARD
street|f7ecfc0c648d18,ward|ho-chi-minh|phuong-vuon-lai,IN_WARD
street|f7f83d04d896f3,ward|ho-chi-minh|phuong-cau-ong-lanh,IN_WARD
street|f7f9257eb53cb9,ward|ho-chi-minh|phuong-an-khanh,IN_WARD
street|f8a62fca5e71a9,ward|ho-chi-minh|phuong-phuoc-long,IN_WARD
street|f8a85bac37a9a8,ward|ho-chi-minh|phuong-long-binh,IN_WARD
street|f8f550fd0ca3d3,ward|ho-chi-minh|phuong-cho-lon,IN_WARD
street|f9072f356e51ca,ward|ho-chi-minh|phuong-phu-thanh,IN_WARD
street|f969743aa1d82a,ward|ho-chi-minh|phuong-binh-loi-trung,IN_WARD
street|f9dd4b182c19a5,ward|ho-chi-minh|phuong-thong-tay-hoi,IN_WARD
street|f9dd9a8e408369,ward|ho-chi-minh|phuong-phu-thuan,IN_WARD
street|f9e37f10af1748,ward|ho-chi-minh|phuong-bay-hien,IN_WARD
street|fa2a5e4583e7f6,ward|ho-chi-minh|phuong-bay-hien,IN_WARD
street|fa490d3e29097b,ward|ho-chi-minh|phuong-an-phu-ong,IN_WARD
street|fb5ab2dcc5e5a6,ward|ho-chi-minh|phuong-nhieu-loc,IN_WARD
street|fb735f6d128805,ward|ho-chi-minh|xa-hiep-phuoc,IN_WARD
street|fb889c73c16177,ward|ho-chi-minh|phuong-tan-thoi-hiep,IN_WARD
street|fbc2c3b3fd6e3f,ward|ho-chi-minh|phuong-phu-inh,IN_WARD
street|fbd2b37c998c47,ward|ho-chi-minh|phuong-tan-inh,IN_WARD
street|fc0717bf725a73,ward|ho-chi-minh|phuong-thu-uc,IN_WARD
street|fc4ede48629175,ward|ho-chi-minh|phuong-an-phu-ong,IN_WARD
street|fc5acabe1e0934,ward|ho-chi-minh|phuong-hoa-hung,IN_WARD
street|fc7dce73407052,ward|ho-chi-minh|phuong-binh-thanh,IN_WARD
street|fc9b767a58e47f,ward|ho-chi-minh|phuong-an-lac,IN_WARD
street|fcb226f46e2e0e,ward|ho-chi-minh|phuong-long-binh,IN_WARD
street|fcbe65d1be0f0b,ward|ho-chi-minh|phuong-phu-inh,IN_WARD
street|fd5977f46fa117,ward|ho-chi-minh|phuong-cho-lon,IN_WARD
street|fd67420df13e92,ward|ho-chi-minh|phuong-binh-tri-ong,IN_WARD
street|fdb0d4e52d3f26,ward|ho-chi-minh|phuong-binh-loi-trung,IN_WARD
street|fdbf55ffb00355,ward|ho-chi-minh|phuong-tan-hung,IN_WARD
street|fdc6d313bfb985,ward|ho-chi-minh|phuong-thu-uc,IN_WARD
street|fe343da3213e55,ward|ho-chi-minh|phuong-cho-lon,IN_WARD
street|fed51e3b11882c,ward|ho-chi-minh|phuong-ben-thanh,IN_WARD
street|fed9690b624c95,ward|ho-chi-minh|phuong-cau-kieu,IN_WARD
street|fef465f5329a72,ward|ho-chi-minh|phuong-binh-tay,IN_WARD
street|fefadf2d0d772a,ward|ho-chi-minh|phuong-cho-quan,IN_WARD
street|fefc10a5758010,ward|ho-chi-minh|phuong-ben-thanh,IN_WARD
street|ff86ef8c7460df,ward|ho-chi-minh|phuong-an-lac,IN_WARD
street|ffb0d41aaea95a,ward|ho-chi-minh|phuong-an-lac,IN_WARD
street|ffcaa36df186bc,ward|ho-chi-minh|phuong-tam-thang,IN_WARD
