cluster_id:ID(GeoCluster),centroid_latitude:float,centroid_longitude:float,listing_count:int,representative_geohash_6:string,representative_geohash_7:string,:LABEL
G0001,10.3336786,107.08418165,3,w3u4uc,w3u4uc0,GeoCluster
G0002,10.33446715,107.08175406,3,w3u4u9,w3u4u9q,GeoCluster
G0003,10.33663409,107.08598658,4,w3u4uc,w3u4ucc,GeoCluster
G0004,10.33721786,107.08333668,1,w3u4u9,w3u4u9z,GeoCluster
G0005,10.33740343,107.08966342,4,w3u4uc,w3u4ucu,GeoCluster
G0006,10.34105,107.0897,1,w3u4uf,w3u4ufs,GeoCluster
G0007,10.34440283,107.08270069,1,w3u4ue,w3u4uep,GeoCluster
G0008,10.34606172,107.08610969,3,w3u4ug,w3u4ug3,GeoCluster
G0009,10.34624534,107.08270069,1,w3u4ue,w3u4uer,GeoCluster
G0010,10.34813781,107.08513761,2,w3u4ug,w3u4ugc,GeoCluster
G0011,10.35127559,107.09500789,1,w3u4vh,w3u4vh2,GeoCluster
G0012,10.35149188,107.07587043,1,w3u4us,w3u4us6,GeoCluster
G0013,10.35200575,107.10222486,1,w3u4vh,w3u4vht,GeoCluster
G0014,10.35230059,107.07233232,1,w3u4uk,w3u4ukx,GeoCluster
G0015,10.35342421,107.0634379,2,w3u4uk,w3u4ukc,GeoCluster
G0016,10.35386675,107.09834421,3,w3u4vh,w3u4vhf,GeoCluster
G0017,10.35413341,107.08597707,1,w3u4uu,w3u4uuc,GeoCluster
G0018,10.35434759,107.09436931,1,w3u4uu,w3u4uuz,GeoCluster
G0019,10.35579707,107.0793872,1,w3u4ut,w3u4uth,GeoCluster
G0020,10.35584522,107.07480562,2,w3u4ut,w3u4ut1,GeoCluster
G0021,10.35719066,107.07644746,2,w3u4ut,w3u4ut6,GeoCluster
G0022,10.35739381,107.09526876,1,w3u4vj,w3u4vj8,GeoCluster
G0023,10.35848654,107.08917949,1,w3u4uv,w3u4uve,GeoCluster
G0024,10.35883627,107.09663397,1,w3u4vj,w3u4vjc,GeoCluster
G0025,10.35955331,107.09328099,5,w3u4uv,w3u4uvy,GeoCluster
G0026,10.36225231,107.09490468,2,w3u4vn,w3u4vn2,GeoCluster
G0027,10.36342513,107.0827284,5,w3u4uw,w3u4uwx,GeoCluster
G0028,10.36419721,107.0756691,1,w3u4uw,w3u4uwd,GeoCluster
G0029,10.36504832,107.08425187,1,w3u4uy,w3u4uyb,GeoCluster
G0030,10.3668265,107.07951859,2,w3u4ux,w3u4uxk,GeoCluster
G0031,10.36836188,107.09793844,3,w3u4vp,w3u4vpd,GeoCluster
G0032,10.36844143,107.06246499,6,w3u4ur,w3u4ur2,GeoCluster
G0033,10.36970047,107.08946059,1,w3u4uz,w3u4uzs,GeoCluster
G0034,10.37238849,107.08270162,1,w3u5h8,w3u5h8p,GeoCluster
G0035,10.37262021,107.08576546,1,w3u5hb,w3u5hb3,GeoCluster
G0036,10.37354035,107.08090573,1,w3u5h8,w3u5h8m,GeoCluster
G0037,10.37500659,107.08636728,1,w3u5hb,w3u5hb9,GeoCluster
G0038,10.37533749,107.08824564,1,w3u5hb,w3u5hbg,GeoCluster
G0039,10.37610777,107.1034424,2,w3u5j0,w3u5j0y,GeoCluster
G0040,10.37842905,107.1130062,1,w3u5j3,w3u5j3m,GeoCluster
G0041,10.37905766,107.11771648,1,w3u5j9,w3u5j92,GeoCluster
G0042,10.38588385,107.10013869,1,w3u5j4,w3u5j4e,GeoCluster
G0043,10.38816186,107.10128975,1,w3u5j5,w3u5j5h,GeoCluster
G0044,10.39355775,107.10418571,1,w3u5jh,w3u5jhn,GeoCluster
G0045,10.39374389,107.13097631,1,w3u5ju,w3u5ju4,GeoCluster
G0046,10.39559726,107.14809694,7,w3u5nh,w3u5nhq,GeoCluster
G0047,10.48037393,107.26857207,1,w3u78g,w3u78gy,GeoCluster
G0048,10.49856953,107.40763406,1,w3u7sp,w3u7sp5,GeoCluster
G0049,10.49958213,107.13077943,1,w3u5tz,w3u5tz6,GeoCluster
G0050,10.61419939,106.73929857,3,w3guku,w3gukum,GeoCluster
G0051,10.65116307,106.72999504,19,w3gusd,w3gusdy,GeoCluster
G0052,10.654639,106.72011533,1,w3gus7,w3gus7x,GeoCluster
G0053,10.65710193,106.71409841,2,w3gusk,w3gusk4,GeoCluster
G0054,10.66933807,106.5601769,1,w3gu8y,w3gu8y6,GeoCluster
G0055,10.67132761,106.59155603,1,w3gu9w,w3gu9w9,GeoCluster
G0056,10.67500902,106.73996648,3,w3gusz,w3guszm,GeoCluster
G0057,10.67513997,106.69841165,16,w3guez,w3guezr,GeoCluster
G0058,10.67770105,106.64983895,1,w3gudz,w3gudzu,GeoCluster
G0059,10.67828369,106.70355061,5,w3gusp,w3guspg,GeoCluster
G0060,10.67834759,106.75354698,32,w3gutp,w3gutpz,GeoCluster
G0061,10.6813878,106.75362937,1,w3guv0,w3guv0r,GeoCluster
G0062,10.68307935,106.59688991,1,w3guc8,w3guc8v,GeoCluster
G0063,10.68413372,106.59964017,1,w3guc8,w3guc8z,GeoCluster
G0064,10.68469158,106.75017305,37,w3guv1,w3guv1j,GeoCluster
G0065,10.68469324,106.57309435,3,w3guc1,w3guc1h,GeoCluster
G0066,10.68497556,106.74677482,4,w3guv1,w3guv14,GeoCluster
G0067,10.6870117,106.58548553,33,w3guc3,w3guc3t,GeoCluster
G0068,10.68947531,106.64734135,1,w3gufc,w3gufcf,GeoCluster
G0069,10.69036952,106.58670947,1,w3guc6,w3guc6n,GeoCluster
G0070,10.69186082,106.73617082,3,w3guuf,w3guuf6,GeoCluster
G0071,10.69194099,106.58635709,1,w3guc6,w3guc6m,GeoCluster
G0072,10.69281174,106.74089912,63,w3guuf,w3guufw,GeoCluster
G0073,10.69362,106.6094,1,w3gucf,w3gucfw,GeoCluster
G0074,10.69386854,106.65386867,1,w3guff,w3guffy,GeoCluster
G0075,10.69492934,106.60562982,1,w3gucf,w3gucfg,GeoCluster
G0076,10.69516223,106.73857128,1,w3guuf,w3guufu,GeoCluster
G0077,10.69617923,106.59449461,1,w3guce,w3guce5,GeoCluster
G0078,10.69633035,106.74440007,1,w3guv5,w3guv50,GeoCluster
G0079,10.69683149,106.7409357,6,w3guug,w3guugq,GeoCluster
G0080,10.69780227,106.7189521,1,w3guu7,w3guu7q,GeoCluster
G0081,10.69869184,106.64202003,1,w3gufe,w3gufew,GeoCluster
G0082,10.70177415,106.74120565,4,w3guuu,w3guuun,GeoCluster
G0083,10.70221083,106.72855229,5,w3guus,w3guusm,GeoCluster
G0084,10.70250224,106.70964407,3,w3guuh,w3guuhr,GeoCluster
G0085,10.7035489,106.70387181,6,w3guuh,w3guuhe,GeoCluster
G0086,10.70403293,106.63093989,3,w3gufk,w3gufkw,GeoCluster
G0087,10.70487642,106.73484587,8,w3guuu,w3guuuc,GeoCluster
G0088,10.7055092,106.72842984,2,w3guus,w3guusv,GeoCluster
G0089,10.70552745,106.7408631,7,w3guuu,w3guuuy,GeoCluster
G0090,10.70776665,106.70126347,1,w3guuj,w3guuj3,GeoCluster
G0091,10.70789957,106.73488122,9,w3guuv,w3guuv3,GeoCluster
G0092,10.70816426,106.59609099,1,w3guct,w3guctk,GeoCluster
G0093,10.70821941,106.6213546,1,w3gufj,w3gufjr,GeoCluster
G0094,10.70942454,106.64232163,2,w3guft,w3guftw,GeoCluster
G0095,10.71186042,106.57880953,1,w3gucq,w3gucq0,GeoCluster
G0096,10.7124,106.6418,1,w3gufw,w3gufwn,GeoCluster
G0097,10.71373447,106.60850179,3,w3gucy,w3gucym,GeoCluster
G0098,10.71404394,106.73754785,12,w3guuy,w3guuyk,GeoCluster
G0099,10.71435712,106.73397713,3,w3guuy,w3guuy3,GeoCluster
G0100,10.71481712,106.74115792,3,w3guuy,w3guuyq,GeoCluster
G0101,10.71581619,106.63195433,3,w3gufq,w3gufqz,GeoCluster
G0102,10.71632286,106.58156569,4,w3gucq,w3gucqf,GeoCluster
G0103,10.71657102,106.62824501,2,w3gufq,w3gufqu,GeoCluster
G0104,10.71780647,106.62268681,1,w3gufr,w3gufr0,GeoCluster
G0105,10.71802864,106.61779728,3,w3gufp,w3gufph,GeoCluster
G0106,10.71844635,106.62976331,4,w3gufr,w3gufrj,GeoCluster
G0107,10.7199992,106.61689638,1,w3gufp,w3gufps,GeoCluster
G0108,10.72035425,106.59320594,1,w3gucx,w3gucxd,GeoCluster
G0109,10.72128067,106.62096158,2,w3gufp,w3gufpz,GeoCluster
G0110,10.72274668,106.70258932,2,w3gvh0,w3gvh04,GeoCluster
G0111,10.72282746,106.59953628,2,w3gv18,w3gv18p,GeoCluster
G0112,10.72287953,106.61236647,1,w3gv40,w3gv400,GeoCluster
G0113,10.72342695,106.60171501,1,w3gv1b,w3gv1b0,GeoCluster
G0114,10.72347182,106.61985619,5,w3gv40,w3gv40n,GeoCluster
G0115,10.72406077,106.63427043,4,w3gv48,w3gv480,GeoCluster
G0116,10.72428614,106.72642337,3,w3gvh8,w3gvh87,GeoCluster
G0117,10.72471473,106.66417035,2,w3gv50,w3gv50q,GeoCluster
G0118,10.72589212,106.61711688,2,w3gv40,w3gv40s,GeoCluster
G0119,10.72652993,106.73365467,23,w3gvhb,w3gvhb9,GeoCluster
G0120,10.72730042,106.63385297,4,w3gv48,w3gv48b,GeoCluster
G0121,10.72756505,106.70173169,1,w3gvh0,w3gvh0c,GeoCluster
G0122,10.72817503,106.7042447,2,w3gvh1,w3gvh15,GeoCluster
G0123,10.72952653,106.6323419,7,w3gv43,w3gv43p,GeoCluster
G0124,10.729842,106.62393,1,w3gv43,w3gv433,GeoCluster
G0125,10.72990477,106.68676772,1,w3gv59,w3gv59q,GeoCluster
G0126,10.73000188,106.61832995,1,w3gv41,w3gv41m,GeoCluster
G0127,10.73002242,106.73542446,2,w3gvhc,w3gvhc6,GeoCluster
G0128,10.73155775,106.74498862,12,w3gvj1,w3gvj19,GeoCluster
G0129,10.73162917,106.63235974,1,w3gv43,w3gv43x,GeoCluster
G0130,10.73178817,106.731751,8,w3gvh9,w3gvh9x,GeoCluster
G0131,10.73211396,106.60951672,1,w3gv1c,w3gv1cw,GeoCluster
G0132,10.7321165,106.61621404,3,w3gv41,w3gv41e,GeoCluster
G0133,10.73263239,106.62359634,1,w3gv43,w3gv43b,GeoCluster
G0134,10.73327898,106.62215499,1,w3gv41,w3gv41z,GeoCluster
G0135,10.73333536,106.70574024,2,w3gvh4,w3gvh4h,GeoCluster
G0136,10.73382302,106.69715295,1,w3gv5f,w3gv5fn,GeoCluster
G0137,10.73396128,106.65869027,1,w3gv54,w3gv544,GeoCluster
G0138,10.73427012,106.62671389,1,w3gv46,w3gv465,GeoCluster
G0139,10.73431212,106.62045181,10,w3gv44,w3gv44n,GeoCluster
G0140,10.73477551,106.61319029,1,w3gv44,w3gv441,GeoCluster
G0141,10.73535563,106.60569273,1,w3gv1f,w3gv1f7,GeoCluster
G0142,10.73598642,106.71951891,2,w3gvh6,w3gvh6r,GeoCluster
G0143,10.73604296,106.65709713,1,w3gv54,w3gv543,GeoCluster
G0144,10.73608327,106.73985357,7,w3gvhf,w3gvhfm,GeoCluster
G0145,10.73618809,106.64825183,1,w3gv4f,w3gv4f6,GeoCluster
G0146,10.73623799,106.63908712,1,w3gv4d,w3gv4dk,GeoCluster
G0147,10.736803,106.66087,2,w3gv54,w3gv54s,GeoCluster
G0148,10.73693211,106.66377056,3,w3gv54,w3gv54w,GeoCluster
G0149,10.73707,106.5957,1,w3gv1d,w3gv1ds,GeoCluster
G0150,10.73761529,106.70981386,1,w3gvh4,w3gvh4x,GeoCluster
G0151,10.73804124,106.72280518,6,w3gvhd,w3gvhdc,GeoCluster
G0152,10.73815067,106.67041051,1,w3gv56,w3gv56g,GeoCluster
G0153,10.73817967,106.72086718,2,w3gvh6,w3gvh6z,GeoCluster
G0154,10.73834014,106.73040967,1,w3gvhd,w3gvhdy,GeoCluster
G0155,10.73850648,106.72889428,1,w3gvhd,w3gvhdv,GeoCluster
G0156,10.73854232,106.65859313,2,w3gv54,w3gv54f,GeoCluster
G0157,10.73874734,106.71117607,1,w3gvh6,w3gvh6b,GeoCluster
G0158,10.73904518,106.65720987,1,w3gv54,w3gv54c,GeoCluster
G0159,10.73918243,106.70682872,1,w3gvh5,w3gvh5j,GeoCluster
G0160,10.73929137,106.67953633,1,w3gv5e,w3gv5e1,GeoCluster
G0161,10.73971058,106.61660042,1,w3gv45,w3gv455,GeoCluster
G0162,10.74009551,106.70080541,3,w3gvh5,w3gvh50,GeoCluster
G0163,10.74011797,106.63176014,1,w3gv47,w3gv47n,GeoCluster
G0164,10.74032914,106.73579651,8,w3gvhg,w3gvhg4,GeoCluster
G0165,10.74035576,106.62384011,1,w3gv47,w3gv471,GeoCluster
G0166,10.74079856,106.69863223,2,w3gv5g,w3gv5gp,GeoCluster
G0167,10.74090005,106.64690628,2,w3gv4g,w3gv4g3,GeoCluster
G0168,10.74135774,106.67198845,1,w3gv57,w3gv57k,GeoCluster
G0169,10.74202136,106.71603834,4,w3gvh7,w3gvh7s,GeoCluster
G0170,10.74219219,106.59829699,1,w3gv1e,w3gv1ew,GeoCluster
G0171,10.74259452,106.71025146,4,w3gvh7,w3gvh78,GeoCluster
G0172,10.74265146,106.61549178,1,w3gv45,w3gv45e,GeoCluster
G0173,10.74282776,106.72949183,3,w3gvhe,w3gvhew,GeoCluster
G0174,10.74287813,106.67764023,1,w3gv5e,w3gv5e8,GeoCluster
G0175,10.74291713,106.71389638,1,w3gvh7,w3gvh7d,GeoCluster
G0176,10.74298345,106.72146868,1,w3gvhe,w3gvhe8,GeoCluster
G0177,10.74311073,106.61345853,1,w3gv45,w3gv459,GeoCluster
G0178,10.74377032,106.68407045,8,w3gv5e,w3gv5eu,GeoCluster
G0179,10.74389762,106.60892291,2,w3gv1g,w3gv1gy,GeoCluster
G0180,10.74401532,106.73324453,1,w3gvhg,w3gvhgb,GeoCluster
G0181,10.74433554,106.69707774,11,w3gv5g,w3gv5gy,GeoCluster
G0182,10.74483098,106.66067012,1,w3gv5h,w3gv5h5,GeoCluster
G0183,10.74490153,106.70865332,1,w3gvhh,w3gvhhn,GeoCluster
G0184,10.74501933,106.73068426,2,w3gvhs,w3gvhsn,GeoCluster
G0185,10.74528932,106.62637857,4,w3gv4k,w3gv4k5,GeoCluster
G0186,10.74556361,106.65602347,1,w3gv5h,w3gv5h0,GeoCluster
G0187,10.74557822,106.61496208,2,w3gv4h,w3gv4h4,GeoCluster
G0188,10.74617341,106.68934063,3,w3gv5u,w3gv5u2,GeoCluster
G0189,10.7466523,106.67306555,1,w3gv5k,w3gv5kk,GeoCluster
G0190,10.74669736,106.67061385,1,w3gv5k,w3gv5k7,GeoCluster
G0191,10.74677667,106.57519898,1,w3gv1h,w3gv1hm,GeoCluster
G0192,10.74683251,106.60690589,1,w3gv1u,w3gv1uk,GeoCluster
G0193,10.74693135,106.65982005,1,w3gv5h,w3gv5h7,GeoCluster
G0194,10.74702471,106.72893197,7,w3gvhs,w3gvhsm,GeoCluster
G0195,10.74709475,106.68509556,2,w3gv5s,w3gv5sm,GeoCluster
G0196,10.74743354,106.64793456,1,w3gv4u,w3gv4ud,GeoCluster
G0197,10.74743836,106.61177834,3,w3gv4h,w3gv4h8,GeoCluster
G0198,10.74774533,106.54010996,1,w3gv0k,w3gv0ks,GeoCluster
G0199,10.74825396,106.61571118,2,w3gv4h,w3gv4hd,GeoCluster
G0200,10.74835879,106.70465125,1,w3gvhh,w3gvhhe,GeoCluster
G0201,10.74846628,106.7161831,14,w3gvhk,w3gvhks,GeoCluster
G0202,10.74853519,106.5915131,1,w3gv1s,w3gv1s9,GeoCluster
G0203,10.74862461,106.64265235,3,w3gv4s,w3gv4sw,GeoCluster
G0204,10.74914993,106.71013138,1,w3gvhh,w3gvhhz,GeoCluster
G0205,10.74947819,106.65240161,1,w3gv4u,w3gv4uv,GeoCluster
G0206,10.74979422,106.64426036,2,w3gv4u,w3gv4ub,GeoCluster
G0207,10.74991146,106.67899522,2,w3gv5s,w3gv5sc,GeoCluster
G0208,10.75020415,106.61418185,1,w3gv4j,w3gv4j4,GeoCluster
G0209,10.7504342,106.61923519,3,w3gv4j,w3gv4jj,GeoCluster
G0210,10.75068783,106.72281665,10,w3gvht,w3gvht1,GeoCluster
G0211,10.75085633,106.66125969,1,w3gv5j,w3gv5jh,GeoCluster
G0212,10.75132046,106.67236927,1,w3gv5m,w3gv5mh,GeoCluster
G0213,10.75135085,106.69304229,1,w3gv5v,w3gv5v5,GeoCluster
G0214,10.75159684,106.69554882,1,w3gv5v,w3gv5vm,GeoCluster
G0215,10.75160707,106.7016397,17,w3gvhj,w3gvhj3,GeoCluster
G0216,10.75170145,106.66305177,3,w3gv5j,w3gv5jm,GeoCluster
G0217,10.75171886,106.72846273,4,w3gvht,w3gvhtm,GeoCluster
G0218,10.75182957,106.67483433,2,w3gv5m,w3gv5mn,GeoCluster
G0219,10.75219668,106.61726675,1,w3gv4j,w3gv4jk,GeoCluster
G0220,10.75248708,106.66948182,1,w3gv5m,w3gv5m6,GeoCluster
G0221,10.75256023,106.65525258,3,w3gv5j,w3gv5j2,GeoCluster
G0222,10.75257645,106.60883292,4,w3gv1v,w3gv1vq,GeoCluster
G0223,10.75259857,106.69863559,1,w3gv5v,w3gv5vr,GeoCluster
G0224,10.75267937,106.60012144,1,w3gv1t,w3gv1tr,GeoCluster
G0225,10.75273467,106.69337667,1,w3gv5v,w3gv5v7,GeoCluster
G0226,10.7529223,106.59730877,1,w3gv1t,w3gv1tt,GeoCluster
G0227,10.753043,106.68341901,1,w3gv5t,w3gv5ts,GeoCluster
G0228,10.75306946,106.58846758,1,w3gv1m,w3gv1mx,GeoCluster
G0229,10.75318127,106.61414432,1,w3gv4j,w3gv4jd,GeoCluster
G0230,10.75322499,106.70747837,1,w3gvhj,w3gvhjw,GeoCluster
G0231,10.75354277,106.66380937,4,w3gv5j,w3gv5jw,GeoCluster
G0232,10.75369188,106.64386969,1,w3gv4t,w3gv4tx,GeoCluster
G0233,10.75371717,106.6902731,4,w3gv5v,w3gv5v9,GeoCluster
G0234,10.75399392,106.64577049,2,w3gv4v,w3gv4v9,GeoCluster
G0235,10.75427094,106.678968,2,w3gv5t,w3gv5t9,GeoCluster
G0236,10.7545099,106.68402967,1,w3gv5t,w3gv5tu,GeoCluster
G0237,10.75464443,106.63699902,1,w3gv4t,w3gv4tf,GeoCluster
G0238,10.75470533,106.67139322,5,w3gv5m,w3gv5me,GeoCluster
G0239,10.75474649,106.61950883,2,w3gv4j,w3gv4jy,GeoCluster
G0240,10.75499738,106.62930721,1,w3gv4m,w3gv4mv,GeoCluster
G0241,10.75507927,106.6507851,6,w3gv4v,w3gv4vu,GeoCluster
G0242,10.75533253,106.69100951,1,w3gv5v,w3gv5vf,GeoCluster
G0243,10.75538141,106.6110172,1,w3gv1v,w3gv1vz,GeoCluster
G0244,10.75548308,106.65464791,1,w3gv4v,w3gv4vz,GeoCluster
G0245,10.7555343,106.61371833,1,w3gv4j,w3gv4jc,GeoCluster
G0246,10.75557515,106.7093833,1,w3gvhj,w3gvhjz,GeoCluster
G0247,10.75585649,106.62171644,1,w3gv4n,w3gv4np,GeoCluster
G0248,10.75593627,106.68624364,2,w3gv5w,w3gv5wn,GeoCluster
G0249,10.75597524,106.66664471,1,w3gv5q,w3gv5q0,GeoCluster
G0250,10.75608545,106.70586385,1,w3gvhn,w3gvhnh,GeoCluster
G0251,10.75615976,106.68915697,1,w3gv5y,w3gv5y0,GeoCluster
G0252,10.75620816,106.70104484,5,w3gvhn,w3gvhn1,GeoCluster
G0253,10.75650921,106.68100475,8,w3gv5w,w3gv5w6,GeoCluster
G0254,10.75678987,106.70361239,5,w3gvhn,w3gvhn7,GeoCluster
G0255,10.75697159,106.60784501,1,w3gv1y,w3gv1yj,GeoCluster
G0256,10.75698629,106.58588746,5,w3gv1q,w3gv1qj,GeoCluster
G0257,10.75721865,106.71354951,6,w3gvhq,w3gvhq6,GeoCluster
G0258,10.75728697,106.65703548,1,w3gv5n,w3gv5n3,GeoCluster
G0259,10.75801464,106.68905894,2,w3gv5y,w3gv5y2,GeoCluster
G0260,10.75814107,106.70658417,3,w3gvhn,w3gvhnm,GeoCluster
G0261,10.75824057,106.60544653,1,w3gv1y,w3gv1y7,GeoCluster
G0262,10.75829395,106.6658288,1,w3gv5n,w3gv5nr,GeoCluster
G0263,10.75837834,106.67164856,4,w3gv5q,w3gv5qk,GeoCluster
G0264,10.75851907,106.71521547,1,w3gvhq,w3gvhqe,GeoCluster
G0265,10.75856491,106.70087117,4,w3gvhn,w3gvhn9,GeoCluster
G0266,10.75861055,106.67811498,8,w3gv5w,w3gv5w8,GeoCluster
G0267,10.7586816,106.63081538,1,w3gv4q,w3gv4qw,GeoCluster
G0268,10.75923801,106.662469,1,w3gv5n,w3gv5nt,GeoCluster
G0269,10.75933796,106.68736858,9,w3gv5w,w3gv5wx,GeoCluster
G0270,10.75936824,106.5989528,4,w3gv1w,w3gv1ww,GeoCluster
G0271,10.7597721,106.73756019,2,w3gvhy,w3gvhye,GeoCluster
G0272,10.75990828,106.61368685,2,w3gv4n,w3gv4nc,GeoCluster
G0273,10.76013847,106.70943505,1,w3gvhn,w3gvhnz,GeoCluster
G0274,10.76016071,106.70726911,1,w3gvhn,w3gvhnv,GeoCluster
G0275,10.76023378,106.66982708,3,w3gv5q,w3gv5qf,GeoCluster
G0276,10.76028509,106.69652355,1,w3gv5y,w3gv5yy,GeoCluster
G0277,10.76054446,106.69938468,4,w3gv5y,w3gv5yz,GeoCluster
G0278,10.76077567,106.68372371,1,w3gv5w,w3gv5wu,GeoCluster
G0279,10.76097897,106.691924,4,w3gv5y,w3gv5yf,GeoCluster
G0280,10.76104172,106.63057821,3,w3gv4q,w3gv4qy,GeoCluster
G0281,10.76109813,106.66024953,6,w3gv5p,w3gv5p5,GeoCluster
G0282,10.76132639,106.69541749,1,w3gv5z,w3gv5zj,GeoCluster
G0283,10.76136865,106.60846327,1,w3gv1z,w3gv1zj,GeoCluster
G0284,10.76163358,106.66682221,1,w3gv5r,w3gv5r0,GeoCluster
G0285,10.76166686,106.69004684,11,w3gv5z,w3gv5z1,GeoCluster
G0286,10.76174286,106.70953656,1,w3gvhp,w3gvhpp,GeoCluster
G0287,10.76182398,106.67813024,2,w3gv5x,w3gv5x0,GeoCluster
G0288,10.76186952,106.68782498,1,w3gv5x,w3gv5xp,GeoCluster
G0289,10.76188137,106.6137599,2,w3gv4p,w3gv4p1,GeoCluster
G0290,10.76192413,106.67139238,6,w3gv5r,w3gv5rh,GeoCluster
G0291,10.76216947,106.70568843,1,w3gvhp,w3gvhph,GeoCluster
G0292,10.76220675,106.66491574,1,w3gv5p,w3gv5pp,GeoCluster
G0293,10.7627141,106.70312344,6,w3gvhp,w3gvhp6,GeoCluster
G0294,10.7627664,106.6989986,2,w3gvhp,w3gvhp2,GeoCluster
G0295,10.76293781,106.63008704,2,w3gv4r,w3gv4rm,GeoCluster
G0296,10.76305161,106.66844867,6,w3gv5r,w3gv5r3,GeoCluster
G0297,10.76309644,106.68675389,9,w3gv5x,w3gv5xq,GeoCluster
G0298,10.76339451,106.64238714,2,w3gv4x,w3gv4xq,GeoCluster
G0299,10.76354345,106.75961481,1,w3gvjr,w3gvjr7,GeoCluster
G0300,10.76358993,106.6784415,1,w3gv5x,w3gv5x2,GeoCluster
G0301,10.76374621,106.69397116,1,w3gv5z,w3gv5zk,GeoCluster
G0302,10.76403403,106.49510619,1,w3gtpr,w3gtpre,GeoCluster
G0303,10.76407307,106.7003029,1,w3gvhp,w3gvhp8,GeoCluster
G0304,10.76416095,106.63281615,1,w3gv4r,w3gv4rx,GeoCluster
G0305,10.76427521,106.6661382,4,w3gv5p,w3gv5r8,GeoCluster
G0306,10.76429389,106.7052125,3,w3gvhp,w3gvhps,GeoCluster
G0307,10.76431598,106.69062828,1,w3gv5z,w3gv5z9,GeoCluster
G0308,10.76436741,106.61914229,1,w3gv4p,w3gv4pt,GeoCluster
G0309,10.76439976,106.62564964,1,w3gv4r,w3gv4rd,GeoCluster
G0310,10.76478218,106.61633009,4,w3gv4p,w3gv4pe,GeoCluster
G0311,10.76494619,106.78836218,1,w3gvnp,w3gvnp8,GeoCluster
G0312,10.76499695,106.67567629,4,w3gv5r,w3gv5rw,GeoCluster
G0313,10.76560125,106.67302238,1,w3gv5r,w3gv5ru,GeoCluster
G0314,10.76561579,106.70815063,1,w3gvhp,w3gvhpy,GeoCluster
G0315,10.76568727,106.67012461,2,w3gv5r,w3gv5rf,GeoCluster
G0316,10.76569848,106.66355998,5,w3gv5p,w3gv5py,GeoCluster
G0317,10.76592802,106.66747797,2,w3gv5r,w3gv5rc,GeoCluster
G0318,10.76615604,106.64234574,2,w3gv4x,w3gv4xy,GeoCluster
G0319,10.76618529,106.64475685,3,w3gv4z,w3gv4zb,GeoCluster
G0320,10.76621051,106.67941245,1,w3gv5x,w3gv5xc,GeoCluster
G0321,10.76635914,106.60035242,6,w3gv1z,w3gv1zb,GeoCluster
G0322,10.76638893,106.65946267,6,w3gv5p,w3gv5pf,GeoCluster
G0323,10.76658444,106.78608637,4,w3gvjz,w3gvjzz,GeoCluster
G0324,10.7666533,106.68357794,2,w3gv78,w3gv78h,GeoCluster
G0325,10.76669821,106.61346635,1,w3gv60,w3gv601,GeoCluster
G0326,10.76671935,106.62293303,2,w3gv62,w3gv620,GeoCluster
G0327,10.76674285,106.69263178,4,w3gv7b,w3gv7b5,GeoCluster
G0328,10.76680721,106.67760229,2,w3gv78,w3gv780,GeoCluster
G0329,10.76687745,106.69931228,2,w3gv7b,w3gv7bp,GeoCluster
G0330,10.7668944,106.62718965,1,w3gv62,w3gv625,GeoCluster
G0331,10.76694697,106.69508312,14,w3gv7b,w3gv7bh,GeoCluster
G0332,10.76721531,106.70388704,5,w3gvk0,w3gvk05,GeoCluster
G0333,10.76733858,106.65344887,2,w3gv6b,w3gv6bn,GeoCluster
G0334,10.76735191,106.77871785,1,w3gvmb,w3gvmb1,GeoCluster
G0335,10.76737802,106.68641219,2,w3gv78,w3gv78n,GeoCluster
G0336,10.76781364,106.75652111,1,w3gvm2,w3gvm21,GeoCluster
G0337,10.76804367,106.59527601,2,w3gv38,w3gv38k,GeoCluster
G0338,10.76832163,106.60314014,3,w3gv3b,w3gv3b6,GeoCluster
G0339,10.76847,106.7609,1,w3gvm2,w3gvm2k,GeoCluster
G0340,10.76872567,106.70081562,4,w3gvk0,w3gvk03,GeoCluster
G0341,10.76875438,106.66889602,1,w3gv72,w3gv723,GeoCluster
G0342,10.7687634,106.65223037,1,w3gv6b,w3gv6bm,GeoCluster
G0343,10.76876649,106.63095823,1,w3gv62,w3gv62q,GeoCluster
G0344,10.76880493,106.68360351,2,w3gv78,w3gv78k,GeoCluster
G0345,10.76920475,106.62222817,1,w3gv60,w3gv60r,GeoCluster
G0346,10.76926231,106.72485352,1,w3gvk8,w3gvk86,GeoCluster
G0347,10.76946829,106.69049668,3,w3gv7b,w3gv7b9,GeoCluster
G0348,10.76950522,106.61316573,4,w3gv60,w3gv609,GeoCluster
G0349,10.76966158,106.61980481,1,w3gv60,w3gv60w,GeoCluster
G0350,10.76967986,106.67922009,15,w3gv78,w3gv783,GeoCluster
G0351,10.76978921,106.71607015,1,w3gvk2,w3gvk2s,GeoCluster
G0352,10.76980488,106.64759694,1,w3gv6b,w3gv6bd,GeoCluster
G0353,10.76995213,106.68859269,4,w3gv7b,w3gv7b8,GeoCluster
G0354,10.77011605,106.67518018,1,w3gv72,w3gv72w,GeoCluster
G0355,10.77023186,106.6940553,4,w3gv7b,w3gv7bs,GeoCluster
G0356,10.77052748,106.68642128,3,w3gv78,w3gv78y,GeoCluster
G0357,10.77073782,106.65536528,1,w3gv70,w3gv70b,GeoCluster
G0358,10.77075627,106.64350938,1,w3gv68,w3gv68z,GeoCluster
G0359,10.7710894,106.67010277,27,w3gv72,w3gv734,GeoCluster
G0360,10.77122879,106.69103979,4,w3gv7b,w3gv7bc,GeoCluster
G0361,10.77154339,106.67788687,1,w3gv78,w3gv78b,GeoCluster
G0362,10.77159032,106.64598252,1,w3gv6b,w3gv6bc,GeoCluster
G0363,10.77172301,106.62647135,1,w3gv62,w3gv62g,GeoCluster
G0364,10.77175727,106.75709344,2,w3gvm2,w3gvm2f,GeoCluster
G0365,10.77184343,106.58624317,2,w3gv32,w3gv32v,GeoCluster
G0366,10.77203351,106.6111083,2,w3gv3b,w3gv3bz,GeoCluster
G0367,10.77206535,106.68240151,2,w3gv79,w3gv795,GeoCluster
G0368,10.77208822,106.76724424,1,w3gvm8,w3gvm8c,GeoCluster
G0369,10.77210271,106.67235431,1,w3gv73,w3gv73h,GeoCluster
G0370,10.77223058,106.66549754,1,w3gv71,w3gv71p,GeoCluster
G0371,10.77253444,106.68447655,7,w3gv79,w3gv79j,GeoCluster
G0372,10.77281498,106.6867606,3,w3gv79,w3gv79n,GeoCluster
G0373,10.77284113,106.65510445,1,w3gv6c,w3gv6cp,GeoCluster
G0374,10.77306884,106.70507167,5,w3gvk1,w3gvk1h,GeoCluster
G0375,10.7732387,106.67680352,7,w3gv73,w3gv73p,GeoCluster
G0376,10.77379042,106.69806469,3,w3gv7c,w3gv7cp,GeoCluster
G0377,10.77432712,106.6826782,4,w3gv79,w3gv79k,GeoCluster
G0378,10.77453536,106.66204199,1,w3gv71,w3gv71k,GeoCluster
G0379,10.77460677,106.66434715,8,w3gv71,w3gv71q,GeoCluster
G0380,10.77463172,106.54334928,2,w3gv23,w3gv23q,GeoCluster
G0381,10.77469308,106.76107602,1,w3gvm3,w3gvm3m,GeoCluster
G0382,10.7749041,106.65945254,2,w3gv71,w3gv71d,GeoCluster
G0383,10.77501497,106.67137451,2,w3gv73,w3gv73e,GeoCluster
G0384,10.77589133,106.59597437,1,w3gv39,w3gv39s,GeoCluster
G0385,10.77604246,106.66336198,2,w3gv71,w3gv71t,GeoCluster
G0386,10.77608154,106.62006401,6,w3gv61,w3gv61w,GeoCluster
G0387,10.77610623,106.63891484,4,w3gv69,w3gv69s,GeoCluster
G0388,10.77620455,106.68442951,1,w3gv79,w3gv79t,GeoCluster
G0389,10.77621061,106.61101468,4,w3gv3c,w3gv3cz,GeoCluster
G0390,10.77641056,106.66667216,2,w3gv73,w3gv73b,GeoCluster
G0391,10.77658199,106.70081676,2,w3gvk1,w3gvk1c,GeoCluster
G0392,10.77663031,106.75599069,4,w3gvm3,w3gvm3c,GeoCluster
G0393,10.77688009,106.75898285,5,w3gvm3,w3gvm3g,GeoCluster
G0394,10.7774701,106.67687451,2,w3gv73,w3gv73z,GeoCluster
G0395,10.77749597,106.62740851,2,w3gv66,w3gv665,GeoCluster
G0396,10.77760451,106.65547525,3,w3gv74,w3gv740,GeoCluster
G0397,10.77774059,106.62897723,6,w3gv66,w3gv66h,GeoCluster
G0398,10.77780821,106.64866714,2,w3gv6f,w3gv6f5,GeoCluster
G0399,10.77787909,106.65024523,1,w3gv6f,w3gv6fh,GeoCluster
G0400,10.77830497,106.78485931,1,w3gvmf,w3gvmfn,GeoCluster
G0401,10.77834949,106.67250866,2,w3gv76,w3gv76h,GeoCluster
G0402,10.77837345,106.61370373,1,w3gv64,w3gv641,GeoCluster
G0403,10.77844044,106.74668535,1,w3gvm4,w3gvm44,GeoCluster
G0404,10.77862577,106.64325746,1,w3gv6d,w3gv6dp,GeoCluster
G0405,10.77875921,106.70670188,6,w3gvk4,w3gvk4j,GeoCluster
G0406,10.77890728,106.68612674,1,w3gv7d,w3gv7dn,GeoCluster
G0407,10.77890884,106.75434817,2,w3gvm6,w3gvm60,GeoCluster
G0408,10.77891228,106.7156286,3,w3gvk6,w3gvk67,GeoCluster
G0409,10.77916381,106.75690388,2,w3gvm6,w3gvm63,GeoCluster
G0410,10.77920465,106.75161267,1,w3gvm4,w3gvm4q,GeoCluster
G0411,10.77949197,106.67934012,7,w3gv7d,w3gv7d3,GeoCluster
G0412,10.77951088,106.61185383,1,w3gv64,w3gv642,GeoCluster
G0413,10.77957482,106.66809568,12,w3gv76,w3gv763,GeoCluster
G0414,10.77963671,106.59834096,1,w3gv3d,w3gv3dq,GeoCluster
G0415,10.77967194,106.6472242,1,w3gv6f,w3gv6f6,GeoCluster
G0416,10.7796936,106.66232362,1,w3gv74,w3gv74m,GeoCluster
G0417,10.77979953,106.60731497,1,w3gv3f,w3gv3fm,GeoCluster
G0418,10.78004674,106.76870302,3,w3gvmd,w3gvmd6,GeoCluster
G0419,10.78008189,106.7703054,1,w3gvmd,w3gvmd7,GeoCluster
G0420,10.78021263,106.62920209,2,w3gv66,w3gv66s,GeoCluster
G0421,10.78021931,106.61745679,1,w3gv64,w3gv64k,GeoCluster
G0422,10.78066337,106.70757228,1,w3gvk4,w3gvk4w,GeoCluster
G0423,10.78080824,106.67581666,2,w3gv76,w3gv76w,GeoCluster
G0424,10.78084117,106.65004137,3,w3gv6f,w3gv6fs,GeoCluster
G0425,10.78090062,106.6253877,1,w3gv66,w3gv66d,GeoCluster
G0426,10.78103243,106.79223145,2,w3gvq4,w3gvq4e,GeoCluster
G0427,10.78137765,106.52678561,1,w3gv24,w3gv24d,GeoCluster
G0428,10.78148107,106.66331269,7,w3gv74,w3gv74t,GeoCluster
G0429,10.7814965,106.64132863,3,w3gv6d,w3gv6dt,GeoCluster
G0430,10.78176122,106.67449988,3,w3gv76,w3gv76y,GeoCluster
G0431,10.78235007,106.71931833,22,w3gvk6,w3gvk6y,GeoCluster
G0432,10.78235285,106.74019993,4,w3gvkf,w3gvkfv,GeoCluster
G0433,10.7823806,106.74728492,1,w3gvm4,w3gvm4g,GeoCluster
G0434,10.78257096,106.60896402,6,w3gv3f,w3gv3fy,GeoCluster
G0435,10.78279613,106.62646115,1,w3gv66,w3gv66g,GeoCluster
G0436,10.78298322,106.6244955,1,w3gv66,w3gv66c,GeoCluster
G0437,10.78315779,106.65815486,2,w3gv74,w3gv74f,GeoCluster
G0438,10.78318713,106.75709523,1,w3gvm7,w3gvm74,GeoCluster
G0439,10.78320754,106.61274872,1,w3gv65,w3gv651,GeoCluster
G0440,10.78337715,106.60326398,4,w3gv3g,w3gv3g4,GeoCluster
G0441,10.78346278,106.616477,1,w3gv65,w3gv655,GeoCluster
G0442,10.78349176,106.60681886,1,w3gv3g,w3gv3gh,GeoCluster
G0443,10.78359751,106.64752987,5,w3gv6g,w3gv6g4,GeoCluster
G0444,10.78384209,106.76740119,1,w3gvme,w3gvme1,GeoCluster
G0445,10.78385552,106.69708252,3,w3gv7g,w3gv7gn,GeoCluster
G0446,10.78394062,106.69467869,2,w3gv7g,w3gv7gh,GeoCluster
G0447,10.78405944,106.70376247,1,w3gvk5,w3gvk55,GeoCluster
G0448,10.78428527,106.65101431,2,w3gv6g,w3gv6gh,GeoCluster
G0449,10.78431996,106.73677499,1,w3gvkg,w3gvkg5,GeoCluster
G0450,10.78447038,106.67300601,1,w3gv77,w3gv77k,GeoCluster
G0451,10.78459733,106.52385523,1,w3gv25,w3gv252,GeoCluster
G0452,10.78465464,106.64215078,2,w3gv6e,w3gv6eq,GeoCluster
G0453,10.78465932,106.80055883,1,w3gvq7,w3gvq73,GeoCluster
G0454,10.7846674,106.77907656,1,w3gvmg,w3gvmg6,GeoCluster
G0455,10.78478818,106.77187183,1,w3gvme,w3gvmek,GeoCluster
G0456,10.78484925,106.68308589,3,w3gv7e,w3gv7ek,GeoCluster
G0457,10.78491192,106.66838499,14,w3gv77,w3gv773,GeoCluster
G0458,10.78530233,106.61228296,1,w3gv65,w3gv652,GeoCluster
G0459,10.78532269,106.69873612,2,w3gv7g,w3gv7gr,GeoCluster
G0460,10.78544613,106.62494841,2,w3gv67,w3gv673,GeoCluster
G0461,10.78551255,106.65337488,1,w3gv6g,w3gv6gq,GeoCluster
G0462,10.78560808,106.76243736,1,w3gvm7,w3gvm7q,GeoCluster
G0463,10.78575185,106.62189501,2,w3gv65,w3gv65r,GeoCluster
G0464,10.78602139,106.61522776,1,w3gv65,w3gv65d,GeoCluster
G0465,10.78609202,106.73163492,5,w3gvke,w3gvker,GeoCluster
G0466,10.78621617,106.69275744,3,w3gv7g,w3gv7ge,GeoCluster
G0467,10.78626213,106.76805154,1,w3gvme,w3gvmed,GeoCluster
G0468,10.78636419,106.77201829,2,w3gvme,w3gvmes,GeoCluster
G0469,10.78647132,106.62803586,3,w3gv67,w3gv67s,GeoCluster
G0470,10.78660215,106.85628411,1,w3gvre,w3gvred,GeoCluster
G0471,10.78663307,106.65648711,1,w3gv75,w3gv758,GeoCluster
G0472,10.78668172,106.70153086,2,w3gvk5,w3gvk59,GeoCluster
G0473,10.78682761,106.69046283,1,w3gv7g,w3gv7g9,GeoCluster
G0474,10.78702347,106.76024314,2,w3gvm7,w3gvm7s,GeoCluster
G0475,10.78702412,106.6186101,1,w3gv65,w3gv65t,GeoCluster
G0476,10.78718429,106.65160999,2,w3gv6g,w3gv6gt,GeoCluster
G0477,10.78734981,106.67144032,1,w3gv77,w3gv77g,GeoCluster
G0478,10.78736567,106.64705547,2,w3gv6g,w3gv6gf,GeoCluster
G0479,10.78739897,106.68817982,1,w3gv7e,w3gv7ez,GeoCluster
G0480,10.78743733,106.6984104,1,w3gv7g,w3gv7gz,GeoCluster
G0481,10.78746369,106.76422496,3,w3gvm7,w3gvm7z,GeoCluster
G0482,10.78756969,106.67783076,12,w3gv7e,w3gv7eb,GeoCluster
G0483,10.78765002,106.68612153,6,w3gv7e,w3gv7ey,GeoCluster
G0484,10.78789228,106.64130099,1,w3gv6e,w3gv6ev,GeoCluster
G0485,10.78792212,106.65694288,1,w3gv75,w3gv75c,GeoCluster
G0486,10.78801821,106.63132419,1,w3gv67,w3gv67y,GeoCluster
G0487,10.78816445,106.62974476,3,w3gv67,w3gv67v,GeoCluster
G0488,10.78831837,106.73253727,1,w3gvkg,w3gvkgb,GeoCluster
G0489,10.78834263,106.65887711,3,w3gv75,w3gv75f,GeoCluster
G0490,10.78844,106.6244,2,w3gv67,w3gv67c,GeoCluster
G0491,10.78859151,106.64895579,1,w3gv6u,w3gv6u5,GeoCluster
G0492,10.78868912,106.66129454,7,w3gv7h,w3gv7hh,GeoCluster
G0493,10.78871622,106.66949479,3,w3gv7k,w3gv7k4,GeoCluster
G0494,10.78873987,106.59661334,1,w3gv3s,w3gv3sj,GeoCluster
G0495,10.78883915,106.78076525,2,w3gvmu,w3gvmu5,GeoCluster
G0496,10.7889243,106.75949699,1,w3gvmk,w3gvmk5,GeoCluster
G0497,10.78899359,106.79992381,1,w3gvqk,w3gvqk1,GeoCluster
G0498,10.78903518,106.6338051,1,w3gv6s,w3gv6s0,GeoCluster
G0499,10.78904036,106.69870986,7,w3gv7u,w3gv7up,GeoCluster
G0500,10.78931939,106.80375421,1,w3gvqk,w3gvqkh,GeoCluster
G0501,10.7893672,106.70284883,4,w3gvkh,w3gvkh4,GeoCluster
G0502,10.789475,106.67498046,9,w3gv7k,w3gv7kn,GeoCluster
G0503,10.78953462,106.58930408,1,w3gv3k,w3gv3kp,GeoCluster
G0504,10.78974943,106.63640249,1,w3gv6s,w3gv6s4,GeoCluster
G0505,10.78977629,106.69387985,2,w3gv7u,w3gv7uh,GeoCluster
G0506,10.78982048,106.71815993,5,w3gvkk,w3gvkkm,GeoCluster
G0507,10.78989426,106.75553105,3,w3gvmk,w3gvmk0,GeoCluster
G0508,10.79022256,106.67090184,1,w3gv7k,w3gv7k7,GeoCluster
G0509,10.79022815,106.73245194,1,w3gvku,w3gvku2,GeoCluster
G0510,10.7902611,106.6459785,2,w3gv6u,w3gv6u2,GeoCluster
G0511,10.79051261,106.71053281,1,w3gvkk,w3gvkk2,GeoCluster
G0512,10.79076757,106.7971517,1,w3gvqh,w3gvqhr,GeoCluster
G0513,10.7907852,106.57303922,1,w3gv3h,w3gv3hk,GeoCluster
G0514,10.7909852,106.68601068,8,w3gv7s,w3gv7sq,GeoCluster
G0515,10.7909858,106.64361139,11,w3gv6s,w3gv6sx,GeoCluster
G0516,10.79110761,106.6220467,4,w3gv6h,w3gv6hr,GeoCluster
G0517,10.79135878,106.62758451,1,w3gv6k,w3gv6ke,GeoCluster
G0518,10.79137902,106.66256901,7,w3gv7h,w3gv7hs,GeoCluster
G0519,10.7914,106.69392006,2,w3gv7u,w3gv7ue,GeoCluster
G0520,10.7916282,106.67177901,10,w3gv7k,w3gv7ke,GeoCluster
G0521,10.79174278,106.65589816,1,w3gv7h,w3gv7h8,GeoCluster
G0522,10.79175212,106.77594829,1,w3gvms,w3gvmsx,GeoCluster
G0523,10.79177568,106.71595762,2,w3gvkk,w3gvkks,GeoCluster
G0524,10.791776,106.67497167,6,w3gv7k,w3gv7kw,GeoCluster
G0525,10.79182785,106.59374965,1,w3gv3s,w3gv3se,GeoCluster
G0526,10.79209266,106.71821613,2,w3gvkk,w3gvkkt,GeoCluster
G0527,10.79211136,106.69663812,5,w3gv7u,w3gv7uw,GeoCluster
G0528,10.79223019,106.69164086,10,w3gv7u,w3gv7ud,GeoCluster
G0529,10.79229976,106.77826026,3,w3gvmu,w3gvmu9,GeoCluster
G0530,10.79240137,106.6890851,1,w3gv7u,w3gv7u8,GeoCluster
G0531,10.79255926,106.71173624,5,w3gvkk,w3gvkk9,GeoCluster
G0532,10.79256652,106.60679868,2,w3gv3u,w3gv3us,GeoCluster
G0533,10.79266859,106.67738889,6,w3gv7s,w3gv7s8,GeoCluster
G0534,10.7928142,106.64848519,2,w3gv6u,w3gv6uf,GeoCluster
G0535,10.79337663,106.68310923,4,w3gv7s,w3gv7su,GeoCluster
G0536,10.79338064,106.64123931,3,w3gv6s,w3gv6sv,GeoCluster
G0537,10.79343799,106.71846354,1,w3gvkk,w3gvkky,GeoCluster
G0538,10.79348532,106.6874371,8,w3gv7s,w3gv7sz,GeoCluster
G0539,10.79356214,106.73461089,1,w3gvku,w3gvkuc,GeoCluster
G0540,10.79365488,106.66258244,6,w3gv7h,w3gv7hv,GeoCluster
G0541,10.79368177,106.59058506,2,w3gv3s,w3gv3sb,GeoCluster
G0542,10.79371881,106.82190501,2,w3gvqu,w3gvquc,GeoCluster
G0543,10.79372726,106.64554515,1,w3gv6u,w3gv6ub,GeoCluster
G0544,10.79377799,106.6245728,1,w3gv6k,w3gv6kc,GeoCluster
G0545,10.7939707,106.66892345,14,w3gv7k,w3gv7m1,GeoCluster
G0546,10.79397646,106.68099591,2,w3gv7s,w3gv7sf,GeoCluster
G0547,10.79424442,106.70877553,3,w3gvkj,w3gvkjn,GeoCluster
G0548,10.79452241,106.68984317,1,w3gv7v,w3gv7v1,GeoCluster
G0549,10.79492509,106.72070899,3,w3gvkm,w3gvkmp,GeoCluster
G0550,10.79493847,106.77514646,1,w3gvmt,w3gvmtp,GeoCluster
G0551,10.79517738,106.66202742,6,w3gv7j,w3gv7jh,GeoCluster
G0552,10.79519705,106.55757716,1,w3gv2v,w3gv2v0,GeoCluster
G0553,10.7953269,106.67749506,9,w3gv7t,w3gv7t0,GeoCluster
G0554,10.79533704,106.67987945,6,w3gv7t,w3gv7t1,GeoCluster
G0555,10.795346,106.73779104,2,w3gvkv,w3gvkv5,GeoCluster
G0556,10.79557898,106.64085693,2,w3gv6t,w3gv6tj,GeoCluster
G0557,10.79559141,106.70510914,1,w3gvkj,w3gvkjk,GeoCluster
G0558,10.79562865,106.69386696,6,w3gv7v,w3gv7v7,GeoCluster
G0559,10.79566713,106.64815021,2,w3gv6v,w3gv6v6,GeoCluster
G0560,10.79567039,106.60586685,1,w3gv3v,w3gv3vk,GeoCluster
G0561,10.79572996,106.6221329,2,w3gv6j,w3gv6jr,GeoCluster
G0562,10.79593194,106.67123781,1,w3gv7m,w3gv7m7,GeoCluster
G0563,10.7959444,106.69060699,2,w3gv7v,w3gv7v3,GeoCluster
G0564,10.79596066,106.70692872,3,w3gvkj,w3gvkjm,GeoCluster
G0565,10.79619196,106.61679296,1,w3gv6j,w3gv6j7,GeoCluster
G0566,10.79630201,106.67568577,4,w3gv7m,w3gv7mq,GeoCluster
G0567,10.79643745,106.7298571,1,w3gvkt,w3gvktq,GeoCluster
G0568,10.79652421,106.65285107,3,w3gv6v,w3gv6vq,GeoCluster
G0569,10.79694461,106.66462186,2,w3gv7j,w3gv7jw,GeoCluster
G0570,10.79701717,106.67747996,1,w3gv7t,w3gv7t8,GeoCluster
G0571,10.79709,106.68137393,2,w3gv7t,w3gv7td,GeoCluster
G0572,10.79718178,106.6836619,5,w3gv7t,w3gv7tt,GeoCluster
G0573,10.79721088,106.82351466,2,w3gvqv,w3gvqvd,GeoCluster
G0574,10.79725818,106.67922304,3,w3gv7t,w3gv7t9,GeoCluster
G0575,10.797476,106.66119746,1,w3gv7j,w3gv7js,GeoCluster
G0576,10.79759834,106.65853634,3,w3gv7j,w3gv7jd,GeoCluster
G0577,10.79762361,106.71073965,4,w3gvkm,w3gvkm8,GeoCluster
G0578,10.79765414,106.69605055,3,w3gv7v,w3gv7vt,GeoCluster
G0579,10.7977443,106.67109668,1,w3gv7m,w3gv7me,GeoCluster
G0580,10.7978905,106.70510003,6,w3gvkj,w3gvkjs,GeoCluster
G0581,10.79798572,106.78732786,1,w3gvqj,w3gvqj8,GeoCluster
G0582,10.79807381,106.73763727,4,w3gvkv,w3gvkvs,GeoCluster
G0583,10.79819411,106.59186762,6,w3gv3t,w3gv3tc,GeoCluster
G0584,10.79837105,106.66836547,8,w3gv7m,w3gv7mb,GeoCluster
G0585,10.7984398,106.71307724,2,w3gvkm,w3gvkmf,GeoCluster
G0586,10.79847743,106.6989704,1,w3gv7v,w3gv7vz,GeoCluster
G0587,10.79852179,106.68804789,11,w3gv7t,w3gv7v8,GeoCluster
G0588,10.798558,106.6659709,1,w3gv7j,w3gv7jz,GeoCluster
G0589,10.7986605,106.69180929,1,w3gv7v,w3gv7vf,GeoCluster
G0590,10.79868075,106.6128051,1,w3gv6j,w3gv6jc,GeoCluster
G0591,10.79876041,106.56007219,1,w3gv2v,w3gv2vf,GeoCluster
G0592,10.79876529,106.82782959,5,w3gvqv,w3gvqvv,GeoCluster
G0593,10.79876801,106.68194631,3,w3gv7t,w3gv7tg,GeoCluster
G0594,10.79881058,106.65544213,2,w3gv7j,w3gv7jb,GeoCluster
G0595,10.79883186,106.81305271,1,w3gvqt,w3gvqtf,GeoCluster
G0596,10.79902904,106.63049094,6,w3gv6m,w3gv6mv,GeoCluster
G0597,10.79907999,106.80514857,1,w3gvqm,w3gvqmv,GeoCluster
G0598,10.79915788,106.6063135,1,w3gv3v,w3gv3vu,GeoCluster
G0599,10.79935242,106.61946138,1,w3gv6j,w3gv6jv,GeoCluster
G0600,10.79940738,106.71829288,4,w3gvkm,w3gvkmv,GeoCluster
G0601,10.79946976,106.67857144,1,w3gv7t,w3gv7tb,GeoCluster
G0602,10.79947625,106.64120386,11,w3gv6w,w3gv6wj,GeoCluster
G0603,10.79954238,106.65054414,5,w3gv6v,w3gv6vu,GeoCluster
G0604,10.79976424,106.58959032,1,w3gv3w,w3gv3w0,GeoCluster
G0605,10.79983483,106.67388108,5,w3gv7q,w3gv7qj,GeoCluster
G0606,10.80004547,106.71660096,6,w3gvkq,w3gvkqh,GeoCluster
G0607,10.80006606,106.69277914,8,w3gv7y,w3gv7y5,GeoCluster
G0608,10.80014885,106.79266869,1,w3gvqn,w3gvqnh,GeoCluster
G0609,10.80057463,106.62769398,2,w3gv6q,w3gv6q5,GeoCluster
G0610,10.80074364,106.62281955,2,w3gv6q,w3gv6q0,GeoCluster
G0611,10.8007561,106.68892228,10,w3gv7y,w3gv7y0,GeoCluster
G0612,10.80080302,106.64309387,4,w3gv6w,w3gv6wq,GeoCluster
G0613,10.80086059,106.8217482,6,w3gvqy,w3gvqy1,GeoCluster
G0614,10.80089004,106.74914304,1,w3gvmn,w3gvmnh,GeoCluster
G0615,10.80095079,106.80111054,1,w3gvqq,w3gvqq6,GeoCluster
G0616,10.80101318,106.6565432,5,w3gv7n,w3gv7n3,GeoCluster
G0617,10.80108262,106.68369015,2,w3gv7w,w3gv7wk,GeoCluster
G0618,10.80111621,106.63951989,2,w3gv6w,w3gv6wk,GeoCluster
G0619,10.80146879,106.81046624,1,w3gvqw,w3gvqw3,GeoCluster
G0620,10.80157126,106.61885875,3,w3gv6n,w3gv6nm,GeoCluster
G0621,10.80160149,106.81431654,1,w3gvqw,w3gvqw7,GeoCluster
G0622,10.80163411,106.69974099,3,w3gvkn,w3gvkn2,GeoCluster
G0623,10.80163802,106.59793297,1,w3gv3w,w3gv3wq,GeoCluster
G0624,10.80215179,106.77715364,3,w3gvmy,w3gvmy2,GeoCluster
G0625,10.80232161,106.7189806,1,w3gvkq,w3gvkqw,GeoCluster
G0626,10.80233582,106.68993863,2,w3gv7y,w3gv7y9,GeoCluster
G0627,10.80245627,106.74181479,7,w3gvky,w3gvkyr,GeoCluster
G0628,10.80253714,106.74610934,2,w3gvmn,w3gvmnd,GeoCluster
G0629,10.80257699,106.65863574,2,w3gv7n,w3gv7nd,GeoCluster
G0630,10.80268078,106.68579831,5,w3gv7w,w3gv7ww,GeoCluster
G0631,10.80278574,106.67652085,1,w3gv7q,w3gv7qx,GeoCluster
G0632,10.80284063,106.8117608,1,w3gvqw,w3gvqw9,GeoCluster
G0633,10.80302069,106.58893598,1,w3gv3q,w3gv3qx,GeoCluster
G0634,10.80310892,106.6303397,2,w3gv6q,w3gv6qw,GeoCluster
G0635,10.80318149,106.71626469,2,w3gvkq,w3gvkqs,GeoCluster
G0636,10.80321224,106.68413509,2,w3gv7w,w3gv7wt,GeoCluster
G0637,10.80340679,106.69304523,1,w3gv7y,w3gv7ye,GeoCluster
G0638,10.80352635,106.68111597,1,w3gv7w,w3gv7wd,GeoCluster
G0639,10.80354399,106.5984962,1,w3gv3w,w3gv3ww,GeoCluster
G0640,10.80387619,106.61691433,4,w3gv6n,w3gv6nu,GeoCluster
G0641,10.80411271,106.82308129,1,w3gvqy,w3gvqyf,GeoCluster
G0642,10.80417166,106.74708506,4,w3gvmn,w3gvmnf,GeoCluster
G0643,10.8042466,106.74963124,8,w3gvmn,w3gvmnu,GeoCluster
G0644,10.8042622,106.69648979,2,w3gv7y,w3gv7yv,GeoCluster
G0645,10.80429319,106.79893069,1,w3gvqq,w3gvqqb,GeoCluster
G0646,10.80442415,106.72867733,1,w3gvkw,w3gvkwv,GeoCluster
G0647,10.80445667,106.6893344,1,w3gv7y,w3gv7yb,GeoCluster
G0648,10.80446371,106.71722289,1,w3gvkq,w3gvkqv,GeoCluster
G0649,10.80447604,106.65837909,1,w3gv7n,w3gv7nf,GeoCluster
G0650,10.80456625,106.82169803,1,w3gvqy,w3gvqyc,GeoCluster
G0651,10.8046188,106.81542696,1,w3gvqw,w3gvqwu,GeoCluster
G0652,10.804743,106.64708218,1,w3gv6y,w3gv6yf,GeoCluster
G0653,10.80489395,106.67287853,2,w3gv7q,w3gv7qu,GeoCluster
G0654,10.80509555,106.66219344,2,w3gv7p,w3gv7ph,GeoCluster
G0655,10.80529096,106.69913059,2,w3gv7z,w3gv7zp,GeoCluster
G0656,10.80559881,106.68204614,30,w3gv7x,w3gv7x5,GeoCluster
G0657,10.8056592,106.63788771,4,w3gv6x,w3gv6x5,GeoCluster
G0658,10.80567136,106.7197287,1,w3gvkr,w3gvkrn,GeoCluster
G0659,10.80571285,106.6050621,2,w3gv3z,w3gv3z5,GeoCluster
G0660,10.80579243,106.83916103,1,w3gvrp,w3gvrpj,GeoCluster
G0661,10.80582844,106.63353303,1,w3gv6x,w3gv6x0,GeoCluster
G0662,10.80587294,106.60334209,1,w3gv3z,w3gv3z4,GeoCluster
G0663,10.80587911,106.71753678,1,w3gvkr,w3gvkrj,GeoCluster
G0664,10.80590431,106.6682033,2,w3gv7r,w3gv7r1,GeoCluster
G0665,10.80592663,106.78999911,5,w3gvqp,w3gvqp4,GeoCluster
G0666,10.80596028,106.69733671,1,w3gv7z,w3gv7zn,GeoCluster
G0667,10.80596324,106.69060094,3,w3gv7z,w3gv7z1,GeoCluster
G0668,10.80605047,106.71136811,2,w3gvkr,w3gvkr0,GeoCluster
G0669,10.80624,106.7784,1,w3gvmz,w3gvmz1,GeoCluster
G0670,10.80671227,106.66252143,2,w3gv7p,w3gv7pm,GeoCluster
G0671,10.80679569,106.67589678,1,w3gv7r,w3gv7rr,GeoCluster
G0672,10.80689657,106.7187082,2,w3gvkr,w3gvkrq,GeoCluster
G0673,10.807433,106.67838044,2,w3gv7x,w3gv7x2,GeoCluster
G0674,10.80767093,106.64597503,2,w3gv6z,w3gv6z3,GeoCluster
G0675,10.8077473,106.70295198,15,w3gvkp,w3gvkp6,GeoCluster
G0676,10.80886328,106.75140429,1,w3gvmp,w3gvmpw,GeoCluster
G0677,10.80899202,106.68902354,12,w3gv7z,w3gv7zb,GeoCluster
G0678,10.80907752,106.72963236,1,w3gvkx,w3gvkxw,GeoCluster
G0679,10.80912813,106.6770536,3,w3gv7r,w3gv7rz,GeoCluster
G0680,10.8093,106.6085,1,w3gv3z,w3gv3zv,GeoCluster
G0681,10.80956167,106.69286874,7,w3gv7z,w3gv7zg,GeoCluster
G0682,10.80983019,106.71339706,8,w3gvkr,w3gvkrf,GeoCluster
G0683,10.8099443,106.6711445,2,w3gv7r,w3gv7rg,GeoCluster
G0684,10.80997516,106.82068915,1,w3gvqz,w3gvqzb,GeoCluster
G0685,10.8099803,106.86142033,1,w3gvrx,w3gvrxy,GeoCluster
G0686,10.81040258,106.68493259,12,w3gv7x,w3gv7xv,GeoCluster
G0687,10.81075182,106.57474905,1,w3gv90,w3gv90j,GeoCluster
G0688,10.81092325,106.77024898,1,w3gvt8,w3gvt85,GeoCluster
G0689,10.81097747,106.70183908,3,w3gvs0,w3gvs04,GeoCluster
G0690,10.81124442,106.61070081,2,w3gv9b,w3gv9bp,GeoCluster
G0691,10.8114841,106.72823657,5,w3gvs8,w3gvs8j,GeoCluster
G0692,10.81187307,106.62431619,1,w3gvd2,w3gvd21,GeoCluster
G0693,10.81194436,106.69251854,6,w3gveb,w3gveb7,GeoCluster
G0694,10.81207502,106.70965112,4,w3gvs0,w3gvs0r,GeoCluster
G0695,10.81236858,106.68835669,4,w3gveb,w3gveb2,GeoCluster
G0696,10.81240656,106.66829503,3,w3gve2,w3gve23,GeoCluster
G0697,10.81294691,106.72076762,1,w3gvs2,w3gvs2r,GeoCluster
G0698,10.81301768,106.68296859,1,w3gve8,w3gve8k,GeoCluster
G0699,10.81331027,106.69706102,6,w3gveb,w3gvebq,GeoCluster
G0700,10.81372296,106.67413824,1,w3gve2,w3gve2t,GeoCluster
G0701,10.81385958,106.77517502,2,w3gvt8,w3gvt8x,GeoCluster
G0702,10.81424463,106.68967783,7,w3gveb,w3gveb9,GeoCluster
G0703,10.81426307,106.62382671,3,w3gvd2,w3gvd29,GeoCluster
G0704,10.81429888,106.78085524,1,w3gvtb,w3gvtbe,GeoCluster
G0705,10.81442333,106.62646715,2,w3gvd2,w3gvd2f,GeoCluster
G0706,10.81496919,106.67269589,4,w3gve2,w3gve2u,GeoCluster
G0707,10.8152501,106.70773695,9,w3gvs0,w3gvs0y,GeoCluster
G0708,10.81573942,106.69506859,12,w3gveb,w3gvebv,GeoCluster
G0709,10.81592873,106.70082324,1,w3gvs0,w3gvs0c,GeoCluster
G0710,10.81597894,106.60190928,1,w3gv9b,w3gv9bc,GeoCluster
G0711,10.81598581,106.68853867,1,w3gveb,w3gvebb,GeoCluster
G0712,10.81604874,106.80737735,1,w3gvw3,w3gvw3n,GeoCluster
G0713,10.81605006,106.81161969,1,w3gvw9,w3gvw91,GeoCluster
G0714,10.81647777,106.78588825,1,w3gvtc,w3gvtcp,GeoCluster
G0715,10.81737337,106.58816712,2,w3gv93,w3gv93p,GeoCluster
G0716,10.81784535,106.58428437,1,w3gv93,w3gv93k,GeoCluster
G0717,10.8181627,106.69705052,1,w3gvec,w3gvecq,GeoCluster
G0718,10.81966633,106.67464574,1,w3gve3,w3gve3w,GeoCluster
G0719,10.81971232,106.70321797,8,w3gvs1,w3gvs1d,GeoCluster
G0720,10.82025522,106.76175131,1,w3gvt3,w3gvt3v,GeoCluster
G0721,10.82057087,106.77662803,7,w3gvtc,w3gvtcb,GeoCluster
G0722,10.82070172,106.63592863,3,w3gvd9,w3gvd9c,GeoCluster
G0723,10.82156875,106.79282977,2,w3gvw4,w3gvw4h,GeoCluster
G0724,10.82166041,106.65500616,2,w3gvdf,w3gvdfp,GeoCluster
G0725,10.82176973,106.63138608,1,w3gvd6,w3gvd6n,GeoCluster
G0726,10.82177856,106.67874217,1,w3gved,w3gved1,GeoCluster
G0727,10.82312841,106.68900051,1,w3gvef,w3gvef2,GeoCluster
G0728,10.8231652,106.70440927,2,w3gvs4,w3gvs47,GeoCluster
G0729,10.82338224,106.63621561,2,w3gvdd,w3gvdd6,GeoCluster
G0730,10.82343686,106.68531051,4,w3gved,w3gvedj,GeoCluster
G0731,10.82375594,106.77529988,1,w3gvtd,w3gvtdr,GeoCluster
G0732,10.82439651,106.77215338,1,w3gvtd,w3gvtdt,GeoCluster
G0733,10.82467585,106.8300673,2,w3gvwf,w3gvwfx,GeoCluster
G0734,10.82482618,106.63537695,1,w3gvdd,w3gvdd9,GeoCluster
G0735,10.82495897,106.68023256,1,w3gved,w3gvedd,GeoCluster
G0736,10.82510252,106.68782982,1,w3gved,w3gvedx,GeoCluster
G0737,10.82549721,106.64016055,6,w3gvdd,w3gvddt,GeoCluster
G0738,10.82606976,106.76542359,1,w3gvtd,w3gvtdb,GeoCluster
G0739,10.82626042,106.63160797,2,w3gvd6,w3gvd6y,GeoCluster
G0740,10.82638888,106.63592759,3,w3gvdd,w3gvddc,GeoCluster
G0741,10.8268235,106.72308543,1,w3gvsd,w3gvsdc,GeoCluster
G0742,10.82683721,106.68705609,1,w3gved,w3gvedz,GeoCluster
G0743,10.82721326,106.76107136,1,w3gvt7,w3gvt7j,GeoCluster
G0744,10.82813849,106.76789407,2,w3gvte,w3gvte1,GeoCluster
G0745,10.82816314,106.62256434,1,w3gvd7,w3gvd70,GeoCluster
G0746,10.82840997,106.63923316,2,w3gvde,w3gvdek,GeoCluster
G0747,10.82854413,106.73046353,1,w3gvse,w3gvseq,GeoCluster
G0748,10.82883409,106.72609804,3,w3gvse,w3gvse7,GeoCluster
G0749,10.82887715,106.68343731,1,w3gvee,w3gveek,GeoCluster
G0750,10.82912224,106.77258264,1,w3gvte,w3gvtem,GeoCluster
G0751,10.82917494,106.67985934,1,w3gvee,w3gvee3,GeoCluster
G0752,10.82970646,106.67124843,12,w3gve7,w3gve77,GeoCluster
G0753,10.82974407,106.78769724,1,w3gvw5,w3gvw52,GeoCluster
G0754,10.82975423,106.61001462,2,w3gv9g,w3gv9gr,GeoCluster
G0755,10.82990969,106.69205542,1,w3gveg,w3gvegd,GeoCluster
G0756,10.82996302,106.73077664,1,w3gvse,w3gvsew,GeoCluster
G0757,10.82997691,106.70266627,10,w3gvs5,w3gvs5d,GeoCluster
G0758,10.83004796,106.63802389,11,w3gvde,w3gvdee,GeoCluster
G0759,10.83026175,106.63309612,5,w3gvd7,w3gvd7x,GeoCluster
G0760,10.83054153,106.71070092,1,w3gvs7,w3gvs78,GeoCluster
G0761,10.83063917,106.70546868,4,w3gvs5,w3gvs5s,GeoCluster
G0762,10.83109126,106.52465952,1,w3gv85,w3gv858,GeoCluster
G0763,10.83117264,106.62129128,6,w3gvd5,w3gvd5z,GeoCluster
G0764,10.83121083,106.76895192,1,w3gvte,w3gvtef,GeoCluster
G0765,10.83124292,106.64393041,1,w3gvde,w3gvdez,GeoCluster
G0766,10.83155643,106.67072713,2,w3gve7,w3gve7g,GeoCluster
G0767,10.8322257,106.61840413,1,w3gvd5,w3gvd5v,GeoCluster
G0768,10.832446,106.63887073,6,w3gvde,w3gvdeu,GeoCluster
G0769,10.83271536,106.6214764,1,w3gvdh,w3gvdhp,GeoCluster
G0770,10.83274227,106.67263114,4,w3gvek,w3gvekh,GeoCluster
G0771,10.83275834,106.73248518,1,w3gvsu,w3gvsu0,GeoCluster
G0772,10.83333639,106.78313211,1,w3gvtu,w3gvtuj,GeoCluster
G0773,10.83345566,106.85387911,1,w3gvxs,w3gvxs0,GeoCluster
G0774,10.83417566,106.66738613,1,w3gvek,w3gvek2,GeoCluster
G0775,10.8343851,106.8300257,1,w3gvwu,w3gvwur,GeoCluster
G0776,10.83448871,106.7603341,1,w3gvtk,w3gvtkk,GeoCluster
G0777,10.8347157,106.61588054,1,w3gvdh,w3gvdh7,GeoCluster
G0778,10.83496471,106.63956324,8,w3gvds,w3gvdsk,GeoCluster
G0779,10.835042,106.68756301,6,w3gves,w3gvesr,GeoCluster
G0780,10.83508261,106.68393611,2,w3gves,w3gvess,GeoCluster
G0781,10.83517028,106.75409067,2,w3gvtk,w3gvtk8,GeoCluster
G0782,10.8356387,106.75623357,3,w3gvtk,w3gvtk9,GeoCluster
G0783,10.83578045,106.84278803,6,w3gvxk,w3gvxk8,GeoCluster
G0784,10.8357961,106.62595778,1,w3gvdk,w3gvdkd,GeoCluster
G0785,10.83588145,106.6611211,6,w3gveh,w3gvehs,GeoCluster
G0786,10.83614528,106.84795223,10,w3gvxk,w3gvxks,GeoCluster
G0787,10.83621017,106.72652522,4,w3gvss,w3gvsse,GeoCluster
G0788,10.8365117,106.79068081,6,w3gvwh,w3gvwhd,GeoCluster
G0789,10.83750772,106.75518447,2,w3gvtk,w3gvtkb,GeoCluster
G0790,10.83770491,106.78103769,2,w3gvtu,w3gvtug,GeoCluster
G0791,10.83772786,106.75136719,1,w3gvth,w3gvthv,GeoCluster
G0792,10.83777425,106.82007941,1,w3gvwu,w3gvwub,GeoCluster
G0793,10.83793718,106.61187831,1,w3gvdh,w3gvdhb,GeoCluster
G0794,10.83796939,106.63658185,8,w3gvds,w3gvdsf,GeoCluster
G0795,10.83833421,106.66909779,1,w3gvem,w3gvem4,GeoCluster
G0796,10.83843326,106.71469392,1,w3gvsm,w3gvsm5,GeoCluster
G0797,10.83851837,106.65962752,3,w3gvej,w3gvej5,GeoCluster
G0798,10.83878339,106.83047515,10,w3gvwv,w3gvwvp,GeoCluster
G0799,10.83891696,106.64898836,2,w3gvdv,w3gvdv5,GeoCluster
G0800,10.8391067,106.66514417,2,w3gvej,w3gvejp,GeoCluster
G0801,10.8391838,106.79335704,1,w3gvwj,w3gvwjh,GeoCluster
G0802,10.83924732,106.65489218,2,w3gvdv,w3gvdvr,GeoCluster
G0803,10.83929701,106.77891678,3,w3gvtv,w3gvtv1,GeoCluster
G0804,10.83946548,106.83955072,33,w3gvxj,w3gvxjw,GeoCluster
G0805,10.83966771,106.79568138,5,w3gvwj,w3gvwjm,GeoCluster
G0806,10.83996177,106.71353518,3,w3gvsm,w3gvsm6,GeoCluster
G0807,10.84018875,106.67511226,1,w3gvem,w3gvemq,GeoCluster
G0808,10.84030045,106.72056503,1,w3gvsm,w3gvsmr,GeoCluster
G0809,10.84049328,106.74103766,4,w3gvsv,w3gvsvq,GeoCluster
G0810,10.84072649,106.77742209,1,w3gvtv,w3gvtv2,GeoCluster
G0811,10.84081368,106.64219057,1,w3gvdt,w3gvdtw,GeoCluster
G0812,10.84102076,106.78406869,1,w3gvtv,w3gvtvt,GeoCluster
G0813,10.84118861,106.72553613,7,w3gvst,w3gvste,GeoCluster
G0814,10.84131477,106.79921695,1,w3gvwm,w3gvwm8,GeoCluster
G0815,10.84131619,106.79146019,2,w3gvwj,w3gvwje,GeoCluster
G0816,10.84141831,106.65710345,3,w3gvej,w3gvej9,GeoCluster
G0817,10.84157648,106.66190221,1,w3gvej,w3gvejs,GeoCluster
G0818,10.84170363,106.67678826,4,w3gvem,w3gvemx,GeoCluster
G0819,10.84172106,106.64749509,1,w3gvdv,w3gvdvd,GeoCluster
G0820,10.84203314,106.7859624,1,w3gvtv,w3gvtvx,GeoCluster
G0821,10.84222618,106.63047378,1,w3gvdm,w3gvdmv,GeoCluster
G0822,10.84239584,106.64292029,6,w3gvdt,w3gvdty,GeoCluster
G0823,10.84240943,106.82028693,1,w3gvwv,w3gvwvb,GeoCluster
G0824,10.84285046,106.71104218,1,w3gvsm,w3gvsmb,GeoCluster
G0825,10.84288238,106.74775617,1,w3gvtj,w3gvtjg,GeoCluster
G0826,10.84296461,106.64996712,13,w3gvdv,w3gvdvu,GeoCluster
G0827,10.8429717,106.71270951,1,w3gvsm,w3gvsmc,GeoCluster
G0828,10.84302404,106.79619345,1,w3gvwj,w3gvwjy,GeoCluster
G0829,10.84306853,106.84312887,19,w3gvxm,w3gvxmb,GeoCluster
G0830,10.84315389,106.7297852,1,w3gvst,w3gvsty,GeoCluster
G0831,10.84339222,106.76976896,1,w3gvtt,w3gvttg,GeoCluster
G0832,10.84347032,106.63460083,2,w3gvdw,w3gvdw0,GeoCluster
G0833,10.84357687,106.7335284,4,w3gvsv,w3gvsy0,GeoCluster
G0834,10.84380751,106.72733732,1,w3gvsw,w3gvswh,GeoCluster
G0835,10.84393532,106.84579851,26,w3gvxq,w3gvxq4,GeoCluster
G0836,10.84406164,106.59510816,2,w3gv9w,w3gv9wh,GeoCluster
G0837,10.84407358,106.76203483,1,w3gvtq,w3gvtqj,GeoCluster
G0838,10.8442166,106.68190314,1,w3gvew,w3gvew5,GeoCluster
G0839,10.84436432,106.6470394,2,w3gvdy,w3gvdy4,GeoCluster
G0840,10.84463062,106.75314531,3,w3gvtn,w3gvtnp,GeoCluster
G0841,10.84503035,106.66059732,5,w3gven,w3gven5,GeoCluster
G0842,10.84529728,106.75859143,3,w3gvtq,w3gvtq7,GeoCluster
G0843,10.84529961,106.71800949,12,w3gvsq,w3gvsqm,GeoCluster
G0844,10.84539621,106.7261634,1,w3gvsw,w3gvsw7,GeoCluster
G0845,10.84555067,106.7846198,1,w3gvty,w3gvtyq,GeoCluster
G0846,10.84563172,106.64272067,4,w3gvdw,w3gvdwq,GeoCluster
G0847,10.84580874,106.7961048,2,w3gvwn,w3gvwnq,GeoCluster
G0848,10.84593173,106.66455552,3,w3gven,w3gvenq,GeoCluster
G0849,10.84600706,106.65264436,3,w3gvdy,w3gvdym,GeoCluster
G0850,10.84700878,106.6509457,1,w3gvdy,w3gvdys,GeoCluster
G0851,10.8472072,106.74702024,3,w3gvtn,w3gvtnd,GeoCluster
G0852,10.84730049,106.75504062,1,w3gvtq,w3gvtq8,GeoCluster
G0853,10.8476114,106.84050076,2,w3gvxn,w3gvxny,GeoCluster
G0854,10.84771075,106.76270428,1,w3gvtq,w3gvtqy,GeoCluster
G0855,10.84787806,106.66162467,2,w3gven,w3gvenu,GeoCluster
G0856,10.84789914,106.77091729,1,w3gvtw,w3gvtwu,GeoCluster
G0857,10.84800882,106.58668216,4,w3gv9q,w3gv9qv,GeoCluster
G0858,10.84803034,106.64248182,2,w3gvdw,w3gvdwy,GeoCluster
G0859,10.8480759,106.75682853,1,w3gvtq,w3gvtqc,GeoCluster
G0860,10.84814901,106.64809411,15,w3gvdy,w3gvdyf,GeoCluster
G0861,10.84826981,106.74833065,1,w3gvtn,w3gvtng,GeoCluster
G0862,10.84855485,106.60181329,1,w3gv9y,w3gv9yc,GeoCluster
G0863,10.84865593,106.78441698,1,w3gvty,w3gvtyy,GeoCluster
G0864,10.84871005,106.66704034,4,w3gveq,w3gveqb,GeoCluster
G0865,10.84876044,106.65844659,2,w3gven,w3gvenf,GeoCluster
G0866,10.84876391,106.71785525,3,w3gvsq,w3gvsqv,GeoCluster
G0867,10.84878448,106.63108597,1,w3gvdq,w3gvdqy,GeoCluster
G0868,10.84881778,106.61516888,1,w3gvdn,w3gvdnf,GeoCluster
G0869,10.84913553,106.69291062,5,w3gvez,w3gvez5,GeoCluster
G0870,10.84939153,106.74709774,1,w3gvtp,w3gvtp4,GeoCluster
G0871,10.84947635,106.65118877,9,w3gvdz,w3gvdzh,GeoCluster
G0872,10.84966891,106.67065517,1,w3gver,w3gver5,GeoCluster
G0873,10.85000622,106.69535755,1,w3gvez,w3gvezj,GeoCluster
G0874,10.85054733,106.79595938,1,w3gvwp,w3gvwpq,GeoCluster
G0875,10.850608,106.6735,1,w3gver,w3gverm,GeoCluster
G0876,10.8508536,106.76452578,3,w3gvtr,w3gvtrr,GeoCluster
G0877,10.85085768,106.78141991,1,w3gvtz,w3gvtz7,GeoCluster
G0878,10.85098468,106.74256065,1,w3gvsz,w3gvszr,GeoCluster
G0879,10.8513054,106.65774936,1,w3gvep,w3gvep3,GeoCluster
G0880,10.85198926,106.65898094,1,w3gvep,w3gvepd,GeoCluster
G0881,10.85217255,106.66436181,1,w3gvep,w3gvepw,GeoCluster
G0882,10.85223869,106.73955599,1,w3gvsz,w3gvszt,GeoCluster
G0883,10.85225763,106.75716704,2,w3gvtr,w3gvtrd,GeoCluster
G0884,10.8525414,106.65616322,3,w3gvep,w3gvep8,GeoCluster
G0885,10.85269196,106.60059971,1,w3gv9z,w3gv9z8,GeoCluster
G0886,10.85308064,106.75577613,1,w3gvtr,w3gvtr9,GeoCluster
G0887,10.85343993,106.66571098,1,w3gvep,w3gvepz,GeoCluster
G0888,10.85344267,106.75950728,3,w3gvtr,w3gvtrg,GeoCluster
G0889,10.85357154,106.74510749,1,w3gvtp,w3gvtpc,GeoCluster
G0890,10.85381155,106.65148569,5,w3gvdz,w3gvdzv,GeoCluster
G0891,10.85401984,106.76244954,2,w3gvtr,w3gvtry,GeoCluster
G0892,10.85404901,106.67773049,3,w3gvex,w3gvexb,GeoCluster
G0893,10.85415776,106.7678392,2,w3gvtx,w3gvtxc,GeoCluster
G0894,10.85448873,106.75688479,1,w3gvtr,w3gvtrc,GeoCluster
G0895,10.85457038,106.65702873,5,w3gvep,w3gvepc,GeoCluster
G0896,10.85471131,106.75295301,3,w3gvv0,w3gvv0p,GeoCluster
G0897,10.85499229,106.6624211,1,w3gvg0,w3gvg0j,GeoCluster
G0898,10.85499439,106.63227484,1,w3gvf2,w3gvf2p,GeoCluster
G0899,10.85528994,106.61553256,1,w3gvf0,w3gvf05,GeoCluster
G0900,10.8554596,106.65554207,3,w3gvg0,w3gvg00,GeoCluster
G0901,10.85564311,106.76149392,1,w3gvv2,w3gvv2j,GeoCluster
G0902,10.85566305,106.74572431,1,w3gvv0,w3gvv01,GeoCluster
G0903,10.85574345,106.75015176,1,w3gvv0,w3gvv0j,GeoCluster
G0904,10.8561255,106.63465701,1,w3gvf8,w3gvf82,GeoCluster
G0905,10.8564796,106.75206872,1,w3gvv0,w3gvv0q,GeoCluster
G0906,10.85673836,106.69129115,1,w3gvgb,w3gvgb6,GeoCluster
G0907,10.85702477,106.61375386,1,w3gvf0,w3gvf03,GeoCluster
G0908,10.85774659,106.6266468,1,w3gvf2,w3gvf2e,GeoCluster
G0909,10.8578065,106.83598108,13,w3gvz0,w3gvz0e,GeoCluster
G0910,10.85789235,106.68871664,1,w3gvgb,w3gvgb8,GeoCluster
G0911,10.85837891,106.61063952,1,w3gvcb,w3gvcbx,GeoCluster
G0912,10.85850022,106.62308838,1,w3gvf2,w3gvf28,GeoCluster
G0913,10.85855656,106.77558789,1,w3gvv8,w3gvv8x,GeoCluster
G0914,10.85879785,106.57139925,1,w3gvc0,w3gvc0f,GeoCluster
G0915,10.8589989,106.77771877,4,w3gvvb,w3gvvbc,GeoCluster
G0916,10.85913838,106.70564932,3,w3gvu0,w3gvu0u,GeoCluster
G0917,10.85917326,106.76028049,1,w3gvv2,w3gvv2u,GeoCluster
G0918,10.85924189,106.75652994,4,w3gvv2,w3gvv2c,GeoCluster
G0919,10.85977925,106.75424756,1,w3gvv2,w3gvv2b,GeoCluster
G0920,10.86043112,106.74924163,1,w3gvv1,w3gvv1h,GeoCluster
G0921,10.86059821,106.60213234,3,w3gvcc,w3gvcc1,GeoCluster
G0922,10.86100117,106.71153139,1,w3gvu3,w3gvu30,GeoCluster
G0923,10.86157773,106.61133142,1,w3gvf1,w3gvf12,GeoCluster
G0924,10.86166672,106.60506947,1,w3gvcc,w3gvcc7,GeoCluster
G0925,10.86204862,106.61278174,1,w3gvf1,w3gvf13,GeoCluster
G0926,10.86223642,106.72323963,2,w3gvu9,w3gvu93,GeoCluster
G0927,10.86354552,106.8071589,1,w3gvy3,w3gvy3w,GeoCluster
G0928,10.86357806,106.68311812,1,w3gvg9,w3gvg9s,GeoCluster
G0929,10.86374446,106.69939371,1,w3gvu1,w3gvu18,GeoCluster
G0930,10.86416234,106.77760585,1,w3gvvc,w3gvvcc,GeoCluster
G0931,10.86459369,106.73001138,1,w3gvu9,w3gvu9y,GeoCluster
G0932,10.86500403,106.61832053,1,w3gvf1,w3gvf1v,GeoCluster
G0933,10.86529943,106.81583542,1,w3gvy9,w3gvy9u,GeoCluster
G0934,10.86556788,106.67059892,4,w3gvg6,w3gvg65,GeoCluster
G0935,10.86566747,106.61426092,4,w3gvf4,w3gvf44,GeoCluster
G0936,10.86637926,106.81673156,1,w3gvyd,w3gvydj,GeoCluster
G0937,10.86643214,106.67711467,1,w3gvg6,w3gvg6p,GeoCluster
G0938,10.86661277,106.68451799,2,w3gvgd,w3gvgdj,GeoCluster
G0939,10.86708991,106.7347408,1,w3gvuf,w3gvuf3,GeoCluster
G0940,10.86729554,106.73635026,1,w3gvuf,w3gvuf7,GeoCluster
G0941,10.86750183,106.59000971,1,w3gvcd,w3gvcd2,GeoCluster
G0942,10.86773985,106.67399217,1,w3gvg6,w3gvg6m,GeoCluster
G0943,10.86778607,106.74450782,2,w3gvv4,w3gvv42,GeoCluster
G0944,10.86798402,106.81329157,1,w3gvyd,w3gvyd7,GeoCluster
G0945,10.86807931,106.63474818,1,w3gvfd,w3gvfd3,GeoCluster
G0946,10.868222,106.68791726,1,w3gvgd,w3gvgdr,GeoCluster
G0947,10.86893684,106.68549197,3,w3gvgd,w3gvgdw,GeoCluster
G0948,10.8690057,106.76244034,1,w3gvv6,w3gvv6w,GeoCluster
G0949,10.87006445,106.68276709,1,w3gvgd,w3gvgdu,GeoCluster
G0950,10.8701285,106.65562026,1,w3gvg4,w3gvg4b,GeoCluster
G0951,10.87031153,106.68906068,2,w3gvgf,w3gvgfb,GeoCluster
G0952,10.87081427,106.67018881,6,w3gvg6,w3gvg6f,GeoCluster
G0953,10.87114093,106.68568563,7,w3gvge,w3gvgen,GeoCluster
G0954,10.87137606,106.65365789,1,w3gvfg,w3gvfgn,GeoCluster
G0955,10.8725082,106.60568252,1,w3gvcg,w3gvcg7,GeoCluster
G0956,10.87269675,106.75353604,1,w3gvv5,w3gvv5r,GeoCluster
G0957,10.87279658,106.67944744,4,w3gvge,w3gvge3,GeoCluster
G0958,10.87296096,106.69057258,2,w3gvgg,w3gvgg3,GeoCluster
G0959,10.87350004,106.68705225,1,w3gvge,w3gvger,GeoCluster
G0960,10.87361769,106.73692876,1,w3gvug,w3gvug7,GeoCluster
G0961,10.87378679,106.59057548,1,w3gvce,w3gvce8,GeoCluster
G0962,10.87404071,106.76735056,1,w3gvve,w3gvve9,GeoCluster
G0963,10.87424314,106.67493504,1,w3gvg7,w3gvg7w,GeoCluster
G0964,10.87496932,106.65821188,2,w3gvg5,w3gvg5d,GeoCluster
G0965,10.87508797,106.68528713,6,w3gvge,w3gvgev,GeoCluster
G0966,10.8754182,106.63610933,1,w3gvfe,w3gvfef,GeoCluster
G0967,10.87622009,106.7732515,2,w3gvve,w3gvvev,GeoCluster
G0968,10.87690925,106.74041723,2,w3gvuu,w3gvuuj,GeoCluster
G0969,10.87713989,106.75761993,1,w3gvvk,w3gvvk4,GeoCluster
G0970,10.87748146,106.67308289,2,w3gvgk,w3gvgkj,GeoCluster
G0971,10.87763748,106.67800612,5,w3gvgs,w3gvgs0,GeoCluster
G0972,10.87802648,106.68121888,1,w3gvgs,w3gvgs6,GeoCluster
G0973,10.87812976,106.63779755,2,w3gvfs,w3gvfs7,GeoCluster
G0974,10.87834762,106.65211659,1,w3gvfu,w3gvfum,GeoCluster
G0975,10.8783819,106.77498656,1,w3gvvs,w3gvvsr,GeoCluster
G0976,10.8785724,106.66954019,4,w3gvgk,w3gvgk6,GeoCluster
G0977,10.87872135,106.77647207,1,w3gvvu,w3gvvu2,GeoCluster
G0978,10.8789021,106.6489544,1,w3gvfu,w3gvfu7,GeoCluster
G0979,10.87907464,106.5835617,1,w3gvck,w3gvck7,GeoCluster
G0980,10.87943998,106.76411557,1,w3gvvk,w3gvvkx,GeoCluster
G0981,10.87954993,106.66080079,4,w3gvgh,w3gvghs,GeoCluster
G0982,10.87995669,106.66551849,2,w3gvgh,w3gvghx,GeoCluster
G0983,10.88023922,106.65093571,3,w3gvfu,w3gvfus,GeoCluster
G0984,10.88025789,106.63483021,1,w3gvfs,w3gvfs9,GeoCluster
G0985,10.88055603,106.598885,1,w3gvcs,w3gvcsw,GeoCluster
G0986,10.8807151,106.72999661,1,w3gvus,w3gvusy,GeoCluster
G0987,10.88089158,106.63036936,1,w3gvfk,w3gvfkv,GeoCluster
G0988,10.88129157,106.76362648,1,w3gvvk,w3gvvky,GeoCluster
G0989,10.88234654,106.76206643,1,w3gvvm,w3gvvmj,GeoCluster
G0990,10.88236264,106.68173705,2,w3gvgt,w3gvgt5,GeoCluster
G0991,10.88250601,106.63205374,1,w3gvfm,w3gvfmp,GeoCluster
G0992,10.8827063,106.77249382,2,w3gvvt,w3gvvtj,GeoCluster
G0993,10.88315064,106.77049053,1,w3gvvt,w3gvvt5,GeoCluster
G0994,10.88326915,106.72139741,1,w3gvut,w3gvut0,GeoCluster
G0995,10.88349622,106.65028031,1,w3gvfv,w3gvfvk,GeoCluster
G0996,10.8846733,106.63676596,1,w3gvft,w3gvft6,GeoCluster
G0997,10.88481083,106.76978814,1,w3gvvt,w3gvvte,GeoCluster
G0998,10.88489381,106.68046548,3,w3gvgt,w3gvgt6,GeoCluster
G0999,10.88615191,106.63337946,1,w3gvft,w3gvftb,GeoCluster
G1000,10.88634275,106.76820297,1,w3gvvt,w3gvvtf,GeoCluster
G1001,10.8868023,106.72386742,5,w3gvut,w3gvutc,GeoCluster
G1002,10.88682174,106.78722904,2,w3gvyj,w3gvyjb,GeoCluster
G1003,10.88726183,106.59555834,1,w3gvct,w3gvctu,GeoCluster
G1004,10.88744579,106.77032461,1,w3gvvt,w3gvvtg,GeoCluster
G1005,10.88777942,106.68124254,1,w3gvgw,w3gvgw4,GeoCluster
G1006,10.88969604,106.68418657,3,w3gvgw,w3gvgwk,GeoCluster
G1007,10.88975635,106.76718736,1,w3gvvw,w3gvvw3,GeoCluster
G1008,10.89092433,106.59061159,1,w3gvcw,w3gvcw8,GeoCluster
G1009,10.89129393,106.80159487,2,w3gvyq,w3gvyqd,GeoCluster
G1010,10.89138073,106.7916,1,w3gvyn,w3gvyne,GeoCluster
G1011,10.89172193,106.82695575,2,w3gvyy,w3gvyyv,GeoCluster
G1012,10.89212867,106.83356563,5,w3gvzn,w3gvznc,GeoCluster
G1013,10.89226547,106.57057965,1,w3gvcn,w3gvcnf,GeoCluster
G1014,10.89306,106.79187,2,w3gvyp,w3gvyp5,GeoCluster
G1015,10.89465675,106.66871155,11,w3gvgr,w3gvgr3,GeoCluster
G1016,10.89593616,106.58271998,1,w3gvcr,w3gvcre,GeoCluster
G1017,10.89638694,106.76523355,1,w3gvvx,w3gvvx8,GeoCluster
G1018,10.8966752,106.68917808,2,w3gvgz,w3gvgz8,GeoCluster
G1019,10.89969333,106.74022025,1,w3gyhb,w3gyhbj,GeoCluster
G1020,10.90019147,106.7775113,1,w3gyjb,w3gyjb3,GeoCluster
G1021,10.90090754,106.74582413,2,w3gyj0,w3gyj09,GeoCluster
G1022,10.90430189,106.76808997,1,w3gyj9,w3gyj94,GeoCluster
G1023,10.904727,106.75172,1,w3gyj1,w3gyj1n,GeoCluster
G1024,10.90475615,106.59466834,1,w3gy19,w3gy195,GeoCluster
G1025,10.9068453,106.74191997,3,w3gyhc,w3gyhcr,GeoCluster
G1026,10.90886514,106.77692001,1,w3gyjc,w3gyjcb,GeoCluster
G1027,10.91147214,106.76881827,2,w3gyjd,w3gyjd6,GeoCluster
G1028,10.91224036,106.58432608,1,w3gy16,w3gy16s,GeoCluster
G1029,10.91248995,106.56020618,1,w3gy0f,w3gy0fd,GeoCluster
G1030,10.91341556,106.75987412,1,w3gyj6,w3gyj6s,GeoCluster
G1031,10.9148452,106.74011667,1,w3gyhf,w3gyhfv,GeoCluster
G1032,10.91832364,106.77926598,1,w3gyjg,w3gyjgd,GeoCluster
G1033,10.91850108,106.73303097,1,w3gyhg,w3gyhg8,GeoCluster
G1034,10.9216329,106.77423078,1,w3gyjs,w3gyjsn,GeoCluster
G1035,10.92221396,106.76227825,1,w3gyjk,w3gyjkm,GeoCluster
G1036,10.92480014,106.7142812,2,w3gyhk,w3gyhkd,GeoCluster
G1037,10.926822,106.73536,1,w3gyhv,w3gyhv4,GeoCluster
G1038,10.92795076,106.75922996,1,w3gyjm,w3gyjm7,GeoCluster
G1039,10.93412092,106.7529001,2,w3gyjn,w3gyjnx,GeoCluster
G1040,10.94682604,106.65728554,2,w3gy70,w3gy70c,GeoCluster
G1041,10.94748,106.6601,1,w3gy70,w3gy70g,GeoCluster
G1042,10.96395347,106.71381931,1,w3gyk7,w3gyk7f,GeoCluster
G1043,10.96547088,106.49395851,1,w3gwrk,w3gwrk4,GeoCluster
G1044,10.96802804,106.6696464,1,w3gy7k,w3gy7kd,GeoCluster
G1045,10.97118471,106.66522516,1,w3gy7j,w3gy7jp,GeoCluster
G1046,10.97140743,106.74267037,1,w3gykv,w3gykvr,GeoCluster
G1047,10.97285398,106.66610482,3,w3gy7j,w3gy7jx,GeoCluster
G1048,10.97323929,106.66398525,1,w3gy7j,w3gy7jw,GeoCluster
G1049,10.97536,106.672,1,w3gy7q,w3gy7qh,GeoCluster
G1050,10.98324715,106.72528683,4,w3gykx,w3gykx6,GeoCluster
G1051,10.98846582,106.66732218,1,w3gye2,w3gye22,GeoCluster
G1052,10.98953925,106.45130763,1,w3gww2,w3gww2e,GeoCluster
G1053,10.99002836,106.66588222,1,w3gye0,w3gye0x,GeoCluster
G1054,10.99651196,106.67481082,1,w3gye3,w3gye3y,GeoCluster
G1055,10.99749125,106.66253996,1,w3gye4,w3gye4j,GeoCluster
G1056,11.01435451,106.62285325,1,w3gydm,w3gydm0,GeoCluster
G1057,11.01616719,106.67508297,1,w3gyem,w3gyemq,GeoCluster
G1058,11.02082344,106.67813156,1,w3gyew,w3gyew2,GeoCluster
G1059,11.07044195,106.67903532,1,w3gygx,w3gygx3,GeoCluster
G1060,11.08850165,106.63726544,1,w3gz4d,w3gz4dd,GeoCluster
G1061,11.10792227,106.60395216,13,w3gz1y,w3gz1y4,GeoCluster
G1062,11.14443267,106.60075029,1,w3gz3u,w3gz3ub,GeoCluster
G1063,11.15978909,106.64540687,1,w3gz6z,w3gz6z8,GeoCluster
G1064,11.24505169,106.6243826,1,w3gzfr,w3gzfr1,GeoCluster
G1065,11.28175097,106.63521338,1,w65b4t,w65b4tc,GeoCluster
G1066,11.31788474,106.63313031,1,w65b6k,w65b6kr,GeoCluster
G1067,11.356874,106.61151158,1,w65bd5,w65bd52,GeoCluster
G1068,11.36230805,106.5959868,1,w65b9s,w65b9sk,GeoCluster
G1069,11.38629197,106.60783554,12,w65bcb,w65bcbv,GeoCluster
