:START_ID(Listing),:END_ID(GeoCluster),:TYPE
45222670__1,G0835,IN_CLUSTER
41003332,G0956,IN_CLUSTER
44850086,G0351,IN_CLUSTER
45225431,G0405,IN_CLUSTER
43489295,G0144,IN_CLUSTER
44335474,G0210,IN_CLUSTER
45260467,G0394,IN_CLUSTER
45197258,G0264,IN_CLUSTER
45059973,G0585,IN_CLUSTER
45229051,G0094,IN_CLUSTER
45235016,G0763,IN_CLUSTER
45232873,G0119,IN_CLUSTER
44346372,G0210,IN_CLUSTER
45093850,G0763,IN_CLUSTER
44622948,G0160,IN_CLUSTER
44785182,G0097,IN_CLUSTER
44107433,G0592,IN_CLUSTER
44986524,G0110,IN_CLUSTER
45102500,G0600,IN_CLUSTER
45189967,G0697,IN_CLUSTER
44848669,G0067,IN_CLUSTER
43919030,G1040,IN_CLUSTER
45162235,G0069,IN_CLUSTER
44845494,G0067,IN_CLUSTER
44984592,G0067,IN_CLUSTER
45038070,G0100,IN_CLUSTER
44691569,G0526,IN_CLUSTER
44868190,G0340,IN_CLUSTER
44063983,G0804,IN_CLUSTER
42561310,G0431,IN_CLUSTER
43923505,G0205,IN_CLUSTER
45255963,G0342,IN_CLUSTER
44742356,G0233,IN_CLUSTER
45245173,G0405,IN_CLUSTER
43317425,G0829,IN_CLUSTER
44734124,G0431,IN_CLUSTER
44748012,G0804,IN_CLUSTER
44107369,G0592,IN_CLUSTER
45246753,G0098,IN_CLUSTER
45161272,G0804,IN_CLUSTER
45149520,G0506,IN_CLUSTER
45246430,G0098,IN_CLUSTER
43241856,G0835,IN_CLUSTER
44756510,G0909,IN_CLUSTER
39130038,G0741,IN_CLUSTER
43589492,G0786,IN_CLUSTER
45113783,G0506,IN_CLUSTER
44525010,G0210,IN_CLUSTER
44342167,G0098,IN_CLUSTER
44333099,G0408,IN_CLUSTER
44860127,G0006,IN_CLUSTER
44282818,G0757,IN_CLUSTER
43960856,G0835,IN_CLUSTER
44193699,G0804,IN_CLUSTER
45104453,G0282,IN_CLUSTER
43321672,G0829,IN_CLUSTER
44870935,G0297,IN_CLUSTER
44171872,G0332,IN_CLUSTER
45027560,G0332,IN_CLUSTER
45245637,G0294,IN_CLUSTER
45266104,G0798,IN_CLUSTER
44483330,G0331,IN_CLUSTER
44708914,G0231,IN_CLUSTER
43797634,G0236,IN_CLUSTER
44590405,G0431,IN_CLUSTER
45014857,G0331,IN_CLUSTER
43959995,G0327,IN_CLUSTER
39770672,G0431,IN_CLUSTER
44331203,G0290,IN_CLUSTER
45244830,G1023,IN_CLUSTER
43682719,G0514,IN_CLUSTER
44133946,G0643,IN_CLUSTER
44526324,G0484,IN_CLUSTER
45042172,G0587,IN_CLUSTER
44290256,G0600,IN_CLUSTER
44732031,G0515,IN_CLUSTER
45165004,G0263,IN_CLUSTER
45265733,G0139,IN_CLUSTER
44468549,G0350,IN_CLUSTER
44456588,G0277,IN_CLUSTER
45084822,G0786,IN_CLUSTER
44730914,G0640,IN_CLUSTER
44888200,G0297,IN_CLUSTER
43537623,G0804,IN_CLUSTER
45254034,G0613,IN_CLUSTER
43356438,G0431,IN_CLUSTER
44048727,G0786,IN_CLUSTER
45248206,G0642,IN_CLUSTER
45032480,G0465,IN_CLUSTER
45250823,G0804,IN_CLUSTER
44713493,G0162,IN_CLUSTER
44397902,G0835,IN_CLUSTER
45209742,G0465,IN_CLUSTER
45222670__2,G0835,IN_CLUSTER
43247491,G0613,IN_CLUSTER
43238060,G0613,IN_CLUSTER
41321808,G0453,IN_CLUSTER
45248655,G0643,IN_CLUSTER
43436120,G0853,IN_CLUSTER
45153972,G0627,IN_CLUSTER
45110391,G0277,IN_CLUSTER
44284175,G0835,IN_CLUSTER
44350831,G0804,IN_CLUSTER
44843875,G0067,IN_CLUSTER
45088647,G0135,IN_CLUSTER
43403469,G1045,IN_CLUSTER
44791321,G0285,IN_CLUSTER
44286055,G0835,IN_CLUSTER
44043317,G0431,IN_CLUSTER
45056277,G0606,IN_CLUSTER
44729361,G0829,IN_CLUSTER
44288363,G1012,IN_CLUSTER
43883712,G0431,IN_CLUSTER
44283417,G0835,IN_CLUSTER
43572439,G0909,IN_CLUSTER
45257289,G0139,IN_CLUSTER
43716231,G0835,IN_CLUSTER
45261874,G0921,IN_CLUSTER
44077565,G0804,IN_CLUSTER
43569738,G0804,IN_CLUSTER
44034581,G0804,IN_CLUSTER
45262776,G0067,IN_CLUSTER
44881140,G0335,IN_CLUSTER
45263106,G0233,IN_CLUSTER
43866123,G0592,IN_CLUSTER
45263202,G0225,IN_CLUSTER
43492362,G0786,IN_CLUSTER
44073845,G0804,IN_CLUSTER
43478669,G0786,IN_CLUSTER
44872651,G0835,IN_CLUSTER
43692251,G0804,IN_CLUSTER
43693290,G0804,IN_CLUSTER
45081962,G0135,IN_CLUSTER
43284841,G0909,IN_CLUSTER
42521719,G0506,IN_CLUSTER
45040477,G0465,IN_CLUSTER
44049181,G0549,IN_CLUSTER
44781792,G0643,IN_CLUSTER
44781667,G0643,IN_CLUSTER
44400867,G0392,IN_CLUSTER
44880200,G0067,IN_CLUSTER
44762845,G0067,IN_CLUSTER
45162231,G0071,IN_CLUSTER
44864335,G0067,IN_CLUSTER
44948688,G0067,IN_CLUSTER
44897223,G0067,IN_CLUSTER
44729464,G0643,IN_CLUSTER
45040570,G0465,IN_CLUSTER
44282741,G0909,IN_CLUSTER
44239561,G0829,IN_CLUSTER
45148629,G1044,IN_CLUSTER
45237880,G0875,IN_CLUSTER
45165437,G0263,IN_CLUSTER
43211541,G0210,IN_CLUSTER
44210257,G0431,IN_CLUSTER
43452836,G0431,IN_CLUSTER
44273779,G0431,IN_CLUSTER
44484541,G0431,IN_CLUSTER
44657659,G0610,IN_CLUSTER
44656554,G0235,IN_CLUSTER
45199130,G0405,IN_CLUSTER
43927551,G0586,IN_CLUSTER
44586268,G0265,IN_CLUSTER
36221753,G1041,IN_CLUSTER
40340780,G1049,IN_CLUSTER
44825273,G0117,IN_CLUSTER
43849134,G0392,IN_CLUSTER
44731068,G0829,IN_CLUSTER
43344418,G0909,IN_CLUSTER
43572792,G0909,IN_CLUSTER
44922077,G0994,IN_CLUSTER
44957828,G0067,IN_CLUSTER
43202640,G0829,IN_CLUSTER
43696637,G0786,IN_CLUSTER
45017137,G0067,IN_CLUSTER
45194899,G0065,IN_CLUSTER
45235813,G0067,IN_CLUSTER
43963943,G0075,IN_CLUSTER
45100589,G0154,IN_CLUSTER
42218073,G0613,IN_CLUSTER
44753361,G0067,IN_CLUSTER
44863961,G0067,IN_CLUSTER
45057652,G0297,IN_CLUSTER
45186771,G0280,IN_CLUSTER
44781956,G0098,IN_CLUSTER
45247231,G0098,IN_CLUSTER
44596035,G0531,IN_CLUSTER
44729161,G0456,IN_CLUSTER
44568353,G0265,IN_CLUSTER
44530340,G0332,IN_CLUSTER
43481818,G0327,IN_CLUSTER
45245632,G0466,IN_CLUSTER
44956559,G0233,IN_CLUSTER
45244476,G0622,IN_CLUSTER
45106401,G0465,IN_CLUSTER
43652465,G0507,IN_CLUSTER
44199099,G0507,IN_CLUSTER
45132364,G0506,IN_CLUSTER
44591760,G0431,IN_CLUSTER
45063282,G0584,IN_CLUSTER
45244194,G0009,IN_CLUSTER
45240822,G0642,IN_CLUSTER
43605480,G0238,IN_CLUSTER
45025864,G0490,IN_CLUSTER
45240735,G0252,IN_CLUSTER
44715266,G0233,IN_CLUSTER
44016214,G0211,IN_CLUSTER
44690504,G0121,IN_CLUSTER
44877318,G0558,IN_CLUSTER
44840033,G0297,IN_CLUSTER
43940956,G0331,IN_CLUSTER
45173212,G0393,IN_CLUSTER
44130737,G0804,IN_CLUSTER
45229622,G0221,IN_CLUSTER
44464667,G0909,IN_CLUSTER
44870654,G0331,IN_CLUSTER
43146761,G0511,IN_CLUSTER
43768536,G0786,IN_CLUSTER
43161489,G0531,IN_CLUSTER
45187377,G0804,IN_CLUSTER
45240205,G0466,IN_CLUSTER
43756300,G1047,IN_CLUSTER
44816319,G1047,IN_CLUSTER
43748419,G1047,IN_CLUSTER
45229939,G0238,IN_CLUSTER
43693887,G0804,IN_CLUSTER
44700316,G0613,IN_CLUSTER
44815299,G0067,IN_CLUSTER
44516802,G0627,IN_CLUSTER
44464713,G0627,IN_CLUSTER
44740670,G0829,IN_CLUSTER
44723700,G0631,IN_CLUSTER
45032566,G0627,IN_CLUSTER
34061984,G0627,IN_CLUSTER
43203408,G0431,IN_CLUSTER
45014980,G0231,IN_CLUSTER
45016308,G0640,IN_CLUSTER
44659061,G0526,IN_CLUSTER
45235201,G0798,IN_CLUSTER
45236710,G0067,IN_CLUSTER
45236270,G0067,IN_CLUSTER
43548457,G0210,IN_CLUSTER
45234636,G0262,IN_CLUSTER
45234641,G0763,IN_CLUSTER
43228481,G1033,IN_CLUSTER
40990762,G0627,IN_CLUSTER
45196185,G0241,IN_CLUSTER
45155260,G0241,IN_CLUSTER
45222811,G0244,IN_CLUSTER
44902020,G0431,IN_CLUSTER
44887604,G0110,IN_CLUSTER
43779678,G0804,IN_CLUSTER
44143992,G0829,IN_CLUSTER
45010170,G0065,IN_CLUSTER
44532012,G0804,IN_CLUSTER
43863458,G0835,IN_CLUSTER
43874379,G0835,IN_CLUSTER
45039157,G0909,IN_CLUSTER
43725380,G1012,IN_CLUSTER
44531634,G0798,IN_CLUSTER
44241249,G0829,IN_CLUSTER
45229457,G0067,IN_CLUSTER
45151230,G0155,IN_CLUSTER
44841772,G0067,IN_CLUSTER
44845848,G0065,IN_CLUSTER
45197810,G0818,IN_CLUSTER
45081807,G0090,IN_CLUSTER
45210622,G0097,IN_CLUSTER
45228435,G0804,IN_CLUSTER
44450031,G0408,IN_CLUSTER
44612137,G0431,IN_CLUSTER
44596902,G0098,IN_CLUSTER
43284831,G0786,IN_CLUSTER
45138926,G0829,IN_CLUSTER
45057690,G0798,IN_CLUSTER
44482148,G0350,IN_CLUSTER
45227501,G0100,IN_CLUSTER
44137008,G0627,IN_CLUSTER
42091112,G0555,IN_CLUSTER
44714707,G0829,IN_CLUSTER
45223376,G0267,IN_CLUSTER
45202954,G0144,IN_CLUSTER
44894510,G0429,IN_CLUSTER
45202949,G0144,IN_CLUSTER
44552020,G0408,IN_CLUSTER
45202945,G0144,IN_CLUSTER
44849133,G0067,IN_CLUSTER
45175379,G0405,IN_CLUSTER
44150180,G0592,IN_CLUSTER
43845012,G0804,IN_CLUSTER
44967290,G0804,IN_CLUSTER
43513035,G0613,IN_CLUSTER
45059343,G0098,IN_CLUSTER
44404341,G0786,IN_CLUSTER
44404628,G1012,IN_CLUSTER
44697172,G0139,IN_CLUSTER
44406217,G0835,IN_CLUSTER
44404468,G1012,IN_CLUSTER
45019830,G0745,IN_CLUSTER
44403119,G0853,IN_CLUSTER
45189689,G0405,IN_CLUSTER
45220208,G0124,IN_CLUSTER
41811080,G0431,IN_CLUSTER
45135899,G1009,IN_CLUSTER
45007050,G0231,IN_CLUSTER
44742649,G0447,IN_CLUSTER
42578626,G0431,IN_CLUSTER
44466821,G0566,IN_CLUSTER
44709669,G0531,IN_CLUSTER
45137809,G1009,IN_CLUSTER
44256714,G0707,IN_CLUSTER
43827262,G0480,IN_CLUSTER
44186833,G0242,IN_CLUSTER
45110563,G0531,IN_CLUSTER
44416135,G0327,IN_CLUSTER
44742828,G0329,IN_CLUSTER
43284851,G0835,IN_CLUSTER
43825788,G0909,IN_CLUSTER
45219753,G0835,IN_CLUSTER
45219725,G0829,IN_CLUSTER
45219182,G0829,IN_CLUSTER
43839734,G1025,IN_CLUSTER
45217838,G0067,IN_CLUSTER
44018090,G0682,IN_CLUSTER
45216684,G0643,IN_CLUSTER
45217453,G0507,IN_CLUSTER
45209882,G0409,IN_CLUSTER
44794760,G0153,IN_CLUSTER
43999966,G0829,IN_CLUSTER
44416443,G0422,IN_CLUSTER
44400338,G0392,IN_CLUSTER
45080633,G0073,IN_CLUSTER
43688714,G0643,IN_CLUSTER
45073124,G0921,IN_CLUSTER
45042196,G0499,IN_CLUSTER
44432528,G0350,IN_CLUSTER
43733254,G0835,IN_CLUSTER
44287640,G0290,IN_CLUSTER
44398352,G0231,IN_CLUSTER
45212694,G0804,IN_CLUSTER
44085752,G0457,IN_CLUSTER
44682333,G0290,IN_CLUSTER
44992114,G0578,IN_CLUSTER
45209379,G0221,IN_CLUSTER
45212351,G0147,IN_CLUSTER
44878181,G0643,IN_CLUSTER
45211123,G0067,IN_CLUSTER
45211193,G0067,IN_CLUSTER
45040159,G0432,IN_CLUSTER
45040121,G0432,IN_CLUSTER
45210408,G0067,IN_CLUSTER
45043852,G0332,IN_CLUSTER
45040043,G0432,IN_CLUSTER
43880424,G0835,IN_CLUSTER
44986315,G1025,IN_CLUSTER
44186979,G0331,IN_CLUSTER
45210229,G0067,IN_CLUSTER
44976878,G0297,IN_CLUSTER
43349917,G0804,IN_CLUSTER
43776876,G0431,IN_CLUSTER
44466982,G0682,IN_CLUSTER
45206979,G0238,IN_CLUSTER
45207061,G0221,IN_CLUSTER
44673234,G0585,IN_CLUSTER
44482077,G0682,IN_CLUSTER
45183463,G0807,IN_CLUSTER
44939217,G0456,IN_CLUSTER
45189772,G0409,IN_CLUSTER
43830855,G0085,IN_CLUSTER
45197190,G0516,IN_CLUSTER
44786591,G0429,IN_CLUSTER
44757351,G0558,IN_CLUSTER
44202944,G0709,IN_CLUSTER
44984489,G0587,IN_CLUSTER
44910889,G0558,IN_CLUSTER
45023942,G0909,IN_CLUSTER
44634121,G0578,IN_CLUSTER
43537036,G0804,IN_CLUSTER
45184650,G0094,IN_CLUSTER
44077990,G1019,IN_CLUSTER
45070787,G0763,IN_CLUSTER
44834862,G0682,IN_CLUSTER
44796007,G0804,IN_CLUSTER
44957726,G0431,IN_CLUSTER
44238591,G0804,IN_CLUSTER
44482740,G0331,IN_CLUSTER
44755067,G0909,IN_CLUSTER
42023574,G1048,IN_CLUSTER
40503273,G1040,IN_CLUSTER
44006156,G0835,IN_CLUSTER
45153043,G0754,IN_CLUSTER
43927670,G0285,IN_CLUSTER
45067704,G0558,IN_CLUSTER
44770429,G0587,IN_CLUSTER
42616372,G0431,IN_CLUSTER
45195327,G0280,IN_CLUSTER
44783081,G0067,IN_CLUSTER
44880023,G0067,IN_CLUSTER
45186016,G0147,IN_CLUSTER
45058996,G0642,IN_CLUSTER
44623291,G0097,IN_CLUSTER
44985017,G0067,IN_CLUSTER
45017298,G0067,IN_CLUSTER
45015767,G0640,IN_CLUSTER
44897529,G0067,IN_CLUSTER
44957970,G0067,IN_CLUSTER
45112600,G0405,IN_CLUSTER
45011469,G0392,IN_CLUSTER
45188961,G0185,IN_CLUSTER
44557949,G0431,IN_CLUSTER
44375534,G0431,IN_CLUSTER
45148799,G0948,IN_CLUSTER
45055698,G0279,IN_CLUSTER
44136516,G0628,IN_CLUSTER
44617962,G0249,IN_CLUSTER
45077493,G0185,IN_CLUSTER
45157429,G0829,IN_CLUSTER
43339881,G0829,IN_CLUSTER
45100152,G1014,IN_CLUSTER
45060924,G0216,IN_CLUSTER
45100513,G0515,IN_CLUSTER
45100628,G0498,IN_CLUSTER
45096630,G0220,IN_CLUSTER
45056608,G0460,IN_CLUSTER
45102262,G0600,IN_CLUSTER
44805963,G0587,IN_CLUSTER
45084852,G0763,IN_CLUSTER
44464018,G0835,IN_CLUSTER
44719109,G0829,IN_CLUSTER
44632413,G0804,IN_CLUSTER
45186848,G0763,IN_CLUSTER
44224180,G0600,IN_CLUSTER
44456711,G0443,IN_CLUSTER
44050394,G0549,IN_CLUSTER
45155376,G0185,IN_CLUSTER
45078531,G0921,IN_CLUSTER
43716508,G0835,IN_CLUSTER
43411750,G0522,IN_CLUSTER
44626653,G0804,IN_CLUSTER
45179775,G0754,IN_CLUSTER
45175567,G0241,IN_CLUSTER
45177611,G0241,IN_CLUSTER
44847526,G0804,IN_CLUSTER
44424655,G0614,IN_CLUSTER
44762062,G0608,IN_CLUSTER
45133806,G0144,IN_CLUSTER
45133822,G0144,IN_CLUSTER
45017788,G0640,IN_CLUSTER
44585453,G0835,IN_CLUSTER
44453924,G0909,IN_CLUSTER
43926137,G1027,IN_CLUSTER
45172791,G0281,IN_CLUSTER
44892271,G0581,IN_CLUSTER
45102937,G0487,IN_CLUSTER
45095425,G0105,IN_CLUSTER
45095507,G0105,IN_CLUSTER
44706860,G0378,IN_CLUSTER
45171887,G0766,IN_CLUSTER
45172117,G0263,IN_CLUSTER
45171910,G0241,IN_CLUSTER
45171934,G0241,IN_CLUSTER
44631355,G0835,IN_CLUSTER
43715977,G1012,IN_CLUSTER
45055545,G0144,IN_CLUSTER
44427897,G0432,IN_CLUSTER
44422861,G0804,IN_CLUSTER
44046077,G0798,IN_CLUSTER
43551199,G0804,IN_CLUSTER
45084721,G0835,IN_CLUSTER
44463660,G0835,IN_CLUSTER
43679734,G0909,IN_CLUSTER
43847718,G0804,IN_CLUSTER
44562715,G1025,IN_CLUSTER
44023941,G0835,IN_CLUSTER
44988147,G0829,IN_CLUSTER
44843130,G0466,IN_CLUSTER
44904039,G0429,IN_CLUSTER
44945503,G0544,IN_CLUSTER
45052937,G0460,IN_CLUSTER
44988313,G0829,IN_CLUSTER
45062392,G0212,IN_CLUSTER
44945217,G0490,IN_CLUSTER
45072815,G0185,IN_CLUSTER
45061945,G0216,IN_CLUSTER
44050164,G0549,IN_CLUSTER
44860566,G0067,IN_CLUSTER
43345644,G0835,IN_CLUSTER
45158878,G1037,IN_CLUSTER
45024916,G0332,IN_CLUSTER
45260658__1,G1050,IN_CLUSTER
44910264__1,G0215,IN_CLUSTER
44315816__1,G0072,IN_CLUSTER
45240187__1,G0602,IN_CLUSTER
41685836__1,G0089,IN_CLUSTER
45176664__1,G1011,IN_CLUSTER
45257389,G0737,IN_CLUSTER
45260073,G0857,IN_CLUSTER
45221822,G0256,IN_CLUSTER
45118179,G0715,IN_CLUSTER
45109833,G0501,IN_CLUSTER
44762633,G1008,IN_CLUSTER
45139928,G0362,IN_CLUSTER
45170694,G0499,IN_CLUSTER
37920615,G1063,IN_CLUSTER
45214509,G0372,IN_CLUSTER
45218797,G0830,IN_CLUSTER
45188401,G1060,IN_CLUSTER
45027406,G0572,IN_CLUSTER
42599412,G0215,IN_CLUSTER
45245657,G1006,IN_CLUSTER
45266012,G0606,IN_CLUSTER
45266829,G0083,IN_CLUSTER
45171748,G0538,IN_CLUSTER
45234494,G0868,IN_CLUSTER
45251894,G0805,IN_CLUSTER
45138363,G0734,IN_CLUSTER
45221020,G0702,IN_CLUSTER
45164769,G0169,IN_CLUSTER
44586946,G0350,IN_CLUSTER
43695382,G0083,IN_CLUSTER
45246408,G0694,IN_CLUSTER
42423444,G0864,IN_CLUSTER
45164575,G0049,IN_CLUSTER
45233274,G0270,IN_CLUSTER
44945202,G0336,IN_CLUSTER
45233008,G0216,IN_CLUSTER
45170798,G0577,IN_CLUSTER
45209347,G0803,IN_CLUSTER
45232003,G0675,IN_CLUSTER
45191674,G0059,IN_CLUSTER
44960303,G0359,IN_CLUSTER
45227137,G0576,IN_CLUSTER
44285831,G0730,IN_CLUSTER
45176118,G0583,IN_CLUSTER
44708079,G0368,IN_CLUSTER
44869380,G0987,IN_CLUSTER
45215745,G1061,IN_CLUSTER
44490909,G0253,IN_CLUSTER
45195893,G0457,IN_CLUSTER
44085270,G0547,IN_CLUSTER
45188258,G1050,IN_CLUSTER
45179572,G0046,IN_CLUSTER
44391654,G0248,IN_CLUSTER
43684389,G0119,IN_CLUSTER
45263166,G0566,IN_CLUSTER
45255723,G0638,IN_CLUSTER
43684138,G0322,IN_CLUSTER
45138441,G0866,IN_CLUSTER
45180580,G1024,IN_CLUSTER
45266795,G0667,IN_CLUSTER
44604418,G0238,IN_CLUSTER
45132003,G0064,IN_CLUSTER
44041038,G0347,IN_CLUSTER
45271919,G0116,IN_CLUSTER
45268389,G0499,IN_CLUSTER
45250947,G0953,IN_CLUSTER
45147770,G0730,IN_CLUSTER
45060998,G0481,IN_CLUSTER
45257856,G0656,IN_CLUSTER
45260658__2,G1050,IN_CLUSTER
44559172,G0168,IN_CLUSTER
44817698,G0136,IN_CLUSTER
44066956,G0142,IN_CLUSTER
45236779,G0485,IN_CLUSTER
44838130,G0327,IN_CLUSTER
44624983,G0207,IN_CLUSTER
45075817,G0860,IN_CLUSTER
45075802,G0752,IN_CLUSTER
45019732,G0860,IN_CLUSTER
44562429,G0156,IN_CLUSTER
45072577,G0087,IN_CLUSTER
45255747,G0860,IN_CLUSTER
45236207,G0892,IN_CLUSTER
45071367,G0758,IN_CLUSTER
44753008,G0279,IN_CLUSTER
45231504,G0630,IN_CLUSTER
44106049,G0359,IN_CLUSTER
45252747,G0611,IN_CLUSTER
43698090,G0307,IN_CLUSTER
43775385,G0493,IN_CLUSTER
44574182,G0194,IN_CLUSTER
44949894,G0060,IN_CLUSTER
45256206,G0871,IN_CLUSTER
45124344,G0434,IN_CLUSTER
44522419,G0178,IN_CLUSTER
44014157,G0064,IN_CLUSTER
44963713,G0064,IN_CLUSTER
45091488,G0150,IN_CLUSTER
45069226,G0072,IN_CLUSTER
43533970,G0201,IN_CLUSTER
45214659,G0554,IN_CLUSTER
44427695,G0290,IN_CLUSTER
44934839,G0626,IN_CLUSTER
45085092,G0900,IN_CLUSTER
44577814,G0137,IN_CLUSTER
44935352,G0102,IN_CLUSTER
45240798,G0532,IN_CLUSTER
45111612,G0974,IN_CLUSTER
44623799,G0580,IN_CLUSTER
45261802,G0879,IN_CLUSTER
40679443,G0701,IN_CLUSTER
44818877,G0188,IN_CLUSTER
41078865,G0428,IN_CLUSTER
45143889,G0072,IN_CLUSTER
39465019,G0060,IN_CLUSTER
45256332,G0376,IN_CLUSTER
43862357,G0072,IN_CLUSTER
45252566,G0656,IN_CLUSTER
45255230,G0785,IN_CLUSTER
44598931,G0072,IN_CLUSTER
45263425,G0848,IN_CLUSTER
44854353,G0060,IN_CLUSTER
44953673,G0180,IN_CLUSTER
44341133,G0122,IN_CLUSTER
43469104,G0072,IN_CLUSTER
44759145,G0178,IN_CLUSTER
45189288,G0215,IN_CLUSTER
45222094,G0087,IN_CLUSTER
45193853,G0443,IN_CLUSTER
44684469,G0774,IN_CLUSTER
45272297,G0535,IN_CLUSTER
45198154,G1069,IN_CLUSTER
45005416,G0122,IN_CLUSTER
45246125,G0570,IN_CLUSTER
45103700,G0474,IN_CLUSTER
44615878,G0081,IN_CLUSTER
40970351,G0843,IN_CLUSTER
45124613,G0752,IN_CLUSTER
44832555,G0266,IN_CLUSTER
45190193,G0726,IN_CLUSTER
45190237,G0768,IN_CLUSTER
45190476,G0658,IN_CLUSTER
45266627,G0860,IN_CLUSTER
44432931,G0237,IN_CLUSTER
44532175,G0744,IN_CLUSTER
45265868,G0841,IN_CLUSTER
45257511,G0086,IN_CLUSTER
45267874,G0151,IN_CLUSTER
43472386,G0912,IN_CLUSTER
45261598,G0051,IN_CLUSTER
45271863,G0625,IN_CLUSTER
42188831,G0426,IN_CLUSTER
45262674,G0930,IN_CLUSTER
45239181,G0553,IN_CLUSTER
43888979,G0238,IN_CLUSTER
44066039,G0665,IN_CLUSTER
45050264,G0228,IN_CLUSTER
44990569,G0093,IN_CLUSTER
45251079,G1061,IN_CLUSTER
45235483,G0935,IN_CLUSTER
45267067,G0989,IN_CLUSTER
45261487,G0752,IN_CLUSTER
43593699,G0375,IN_CLUSTER
44784199,G0179,IN_CLUSTER
44744909,G0219,IN_CLUSTER
45271541,G0064,IN_CLUSTER
45007611,G0199,IN_CLUSTER
45083934,G0229,IN_CLUSTER
45189695,G0888,IN_CLUSTER
45270893,G0085,IN_CLUSTER
45261561,G0694,IN_CLUSTER
45016136,G0990,IN_CLUSTER
45128430,G0686,IN_CLUSTER
45151591,G0607,IN_CLUSTER
42379055,G1001,IN_CLUSTER
45190446,G0285,IN_CLUSTER
45146834,G0895,IN_CLUSTER
45261209,G0536,IN_CLUSTER
44443389,G0516,IN_CLUSTER
45054943,G0142,IN_CLUSTER
45159682,G0173,IN_CLUSTER
43906503,G0670,IN_CLUSTER
45270265,G0348,IN_CLUSTER
44150181,G0757,IN_CLUSTER
45004899,G0088,IN_CLUSTER
45089167,G0527,IN_CLUSTER
44153316,G1000,IN_CLUSTER
45261902,G0750,IN_CLUSTER
44435880,G0087,IN_CLUSTER
43981180,G0456,IN_CLUSTER
44951460,G0787,IN_CLUSTER
44942944,G0201,IN_CLUSTER
45258990,G0794,IN_CLUSTER
45232770,G0288,IN_CLUSTER
43832511,G0099,IN_CLUSTER
45262066,G0708,IN_CLUSTER
45064702,G0386,IN_CLUSTER
44335025,G0350,IN_CLUSTER
43775873,G0275,IN_CLUSTER
44965701,G0379,IN_CLUSTER
43172287,G0266,IN_CLUSTER
44222475,G0457,IN_CLUSTER
42806581,G0545,IN_CLUSTER
43467650,G0393,IN_CLUSTER
43903589,G0359,IN_CLUSTER
43720201,G0651,IN_CLUSTER
40901271,G0316,IN_CLUSTER
45083831,G0197,IN_CLUSTER
45247724,G0116,IN_CLUSTER
43238341,G0359,IN_CLUSTER
42527051,G0316,IN_CLUSTER
44140279,G0359,IN_CLUSTER
43931812,G0459,IN_CLUSTER
43376549,G0350,IN_CLUSTER
44825135,G0376,IN_CLUSTER
44819746,G0266,IN_CLUSTER
43598350,G0359,IN_CLUSTER
45231497,G0656,IN_CLUSTER
45253348,G0752,IN_CLUSTER
44810753,G0713,IN_CLUSTER
44865186,G0321,IN_CLUSTER
44773630,G0519,IN_CLUSTER
43122633,G0032,IN_CLUSTER
45241403,G0128,IN_CLUSTER
45120025,G0951,IN_CLUSTER
45076045,G0528,IN_CLUSTER
45261455,G0603,IN_CLUSTER
45261537,G0508,IN_CLUSTER
45144378,G0823,IN_CLUSTER
44089093,G0057,IN_CLUSTER
43452916,G0317,IN_CLUSTER
45240198,G0605,IN_CLUSTER
44734340,G0286,IN_CLUSTER
44790560,G0971,IN_CLUSTER
43419296,G0473,IN_CLUSTER
45252887,G0213,IN_CLUSTER
45251312,G0983,IN_CLUSTER
45038437,G0712,IN_CLUSTER
44522452,G0057,IN_CLUSTER
44593189,G0051,IN_CLUSTER
45071210,G0953,IN_CLUSTER
45270087,G0287,IN_CLUSTER
45097287,G0806,IN_CLUSTER
45260967,G0603,IN_CLUSTER
43786316,G0657,IN_CLUSTER
45189282,G0449,IN_CLUSTER
44958409,G0032,IN_CLUSTER
45249483,G0019,IN_CLUSTER
45189864,G0520,IN_CLUSTER
41753098,G0089,IN_CLUSTER
44618700,G0653,IN_CLUSTER
42045091,G0540,IN_CLUSTER
45138568,G0128,IN_CLUSTER
42666931,G0624,IN_CLUSTER
44945238,G0064,IN_CLUSTER
45246198,G0139,IN_CLUSTER
45238136,G0372,IN_CLUSTER
45256356,G0797,IN_CLUSTER
45262999,G0201,IN_CLUSTER
44763347,G0226,IN_CLUSTER
45247385,G0781,IN_CLUSTER
45220146,G0883,IN_CLUSTER
45220153,G0852,IN_CLUSTER
45189051,G0837,IN_CLUSTER
43398089,G0794,IN_CLUSTER
45265594,G0769,IN_CLUSTER
44962033,G0192,IN_CLUSTER
44871367,G0166,IN_CLUSTER
44018332,G0266,IN_CLUSTER
43789474,G0215,IN_CLUSTER
44931890,G0032,IN_CLUSTER
44772974,G0028,IN_CLUSTER
45251495,G0402,IN_CLUSTER
45265586,G0109,IN_CLUSTER
45229877,G1061,IN_CLUSTER
45228729,G1061,IN_CLUSTER
45224442,G1061,IN_CLUSTER
44893195,G0044,IN_CLUSTER
44823131,G0360,IN_CLUSTER
43900696,G0344,IN_CLUSTER
43517731,G0411,IN_CLUSTER
44960399,G0164,IN_CLUSTER
44634511,G0315,IN_CLUSTER
44826909,G0335,IN_CLUSTER
45178137,G0245,IN_CLUSTER
45270308,G1061,IN_CLUSTER
44877964,G0256,IN_CLUSTER
45223747,G0534,IN_CLUSTER
45251169,G0007,IN_CLUSTER
45243923,G0693,IN_CLUSTER
45206703,G0492,IN_CLUSTER
45206360,G0492,IN_CLUSTER
45263608,G0383,IN_CLUSTER
44829409,G0064,IN_CLUSTER
44687572,G0482,IN_CLUSTER
45007564,G0633,IN_CLUSTER
44046412,G0087,IN_CLUSTER
44751278,G0446,IN_CLUSTER
45191822,G0794,IN_CLUSTER
45259017,G0572,IN_CLUSTER
45155867,G0900,IN_CLUSTER
45260350,G0540,IN_CLUSTER
45252083,G0457,IN_CLUSTER
44837428,G0157,IN_CLUSTER
44812725,G0208,IN_CLUSTER
45247851,G0008,IN_CLUSTER
45265219,G0954,IN_CLUSTER
41002296,G0371,IN_CLUSTER
45167074,G0187,IN_CLUSTER
44963337,G0851,IN_CLUSTER
40484691,G0096,IN_CLUSTER
45266745,G0964,IN_CLUSTER
45265897,G0611,IN_CLUSTER
45257827,G0285,IN_CLUSTER
42886620,G0123,IN_CLUSTER
45140058,G0788,IN_CLUSTER
44718946,G0864,IN_CLUSTER
45051736,G0714,IN_CLUSTER
44964591,G0119,IN_CLUSTER
45075183,G0656,IN_CLUSTER
45181136,G0917,IN_CLUSTER
44468892,G0045,IN_CLUSTER
41212871,G0048,IN_CLUSTER
45259507,G0686,IN_CLUSTER
44226284,G0057,IN_CLUSTER
45255987,G1061,IN_CLUSTER
45259007,G0656,IN_CLUSTER
44935139,G0967,IN_CLUSTER
45134992,G0171,IN_CLUSTER
44261451,G0051,IN_CLUSTER
45148623,G0001,IN_CLUSTER
45065540,G0813,IN_CLUSTER
43821501,G0057,IN_CLUSTER
44712145,G0550,IN_CLUSTER
45264215,G0688,IN_CLUSTER
45096611,G0902,IN_CLUSTER
45269471,G0397,IN_CLUSTER
44756621,G0664,IN_CLUSTER
45197239,G0130,IN_CLUSTER
45253524,G0915,IN_CLUSTER
44448600,G0322,IN_CLUSTER
44838709,G0296,IN_CLUSTER
42298790,G0483,IN_CLUSTER
45052349,G0324,IN_CLUSTER
42539528,G0015,IN_CLUSTER
45260718,G0119,IN_CLUSTER
45269276,G0120,IN_CLUSTER
45265683,G0435,IN_CLUSTER
44909045,G0312,IN_CLUSTER
45268965,G0072,IN_CLUSTER
43115714,G0885,IN_CLUSTER
45198685,G0359,IN_CLUSTER
45054263,G0066,IN_CLUSTER
39387596,G0773,IN_CLUSTER
45125918,G0582,IN_CLUSTER
44241399,G0197,IN_CLUSTER
44477261,G0573,IN_CLUSTER
44597730,G0051,IN_CLUSTER
45050256,G0818,IN_CLUSTER
44570832,G0051,IN_CLUSTER
45082533,G0656,IN_CLUSTER
44871874,G0757,IN_CLUSTER
45187163,G0003,IN_CLUSTER
45201015,G0064,IN_CLUSTER
45159575,G0060,IN_CLUSTER
44936128,G0831,IN_CLUSTER
45036689,G0601,IN_CLUSTER
44939112,G0554,IN_CLUSTER
44798297,G0139,IN_CLUSTER
44242335,G0385,IN_CLUSTER
44053901,G0300,IN_CLUSTER
43459744,G0457,IN_CLUSTER
43152347,G0721,IN_CLUSTER
43258837,G0350,IN_CLUSTER
45237993,G0505,IN_CLUSTER
43110040,G0105,IN_CLUSTER
44966803,G0118,IN_CLUSTER
44867301,G0693,IN_CLUSTER
45157460,G0891,IN_CLUSTER
44952277,G0705,IN_CLUSTER
45251488,G0039,IN_CLUSTER
45128578,G0060,IN_CLUSTER
45070876,G0975,IN_CLUSTER
45253987,G0731,IN_CLUSTER
44810953,G0914,IN_CLUSTER
44914549,G0016,IN_CLUSTER
45251420,G0038,IN_CLUSTER
45077787,G0397,IN_CLUSTER
43544584,G0694,IN_CLUSTER
44976353,G0934,IN_CLUSTER
43612771,G0515,IN_CLUSTER
45237440,G1050,IN_CLUSTER
45139147,G0620,IN_CLUSTER
45256975,G0884,IN_CLUSTER
45141560,G0139,IN_CLUSTER
45154817,G0397,IN_CLUSTER
44953962,G0775,IN_CLUSTER
44469361,G0783,IN_CLUSTER
44994255,G0574,IN_CLUSTER
45264351,G0656,IN_CLUSTER
45259731,G0809,IN_CLUSTER
45183606,G0788,IN_CLUSTER
45265156,G0500,IN_CLUSTER
45056721,G0690,IN_CLUSTER
44334211,G0064,IN_CLUSTER
45162550,G0027,IN_CLUSTER
45222776,G0024,IN_CLUSTER
45268380,G0210,IN_CLUSTER
45125514,G0072,IN_CLUSTER
45090623,G0707,IN_CLUSTER
44998731,G0672,IN_CLUSTER
45256036,G0064,IN_CLUSTER
44101006,G0686,IN_CLUSTER
44826933,G0582,IN_CLUSTER
45253260,G0079,IN_CLUSTER
44871995,G0580,IN_CLUSTER
45267919,G0217,IN_CLUSTER
45256662,G0072,IN_CLUSTER
45249214,G0277,IN_CLUSTER
45264890,G0326,IN_CLUSTER
43411719,G0564,IN_CLUSTER
44952474,G0114,IN_CLUSTER
45266718,G0607,IN_CLUSTER
45269042,G0826,IN_CLUSTER
44974281,G0215,IN_CLUSTER
45201395,G0050,IN_CLUSTER
44146411,G0011,IN_CLUSTER
45266757,G0656,IN_CLUSTER
45259366,G0079,IN_CLUSTER
43136703,G0164,IN_CLUSTER
44908692,G0181,IN_CLUSTER
44490870,G0629,IN_CLUSTER
44930313,G0296,IN_CLUSTER
45269189,G0348,IN_CLUSTER
45058103,G0676,IN_CLUSTER
45263200,G0877,IN_CLUSTER
45166701,G0772,IN_CLUSTER
45137052,G0047,IN_CLUSTER
45131129,G0123,IN_CLUSTER
45126932,G0098,IN_CLUSTER
45243290,G0810,IN_CLUSTER
44925164,G0240,IN_CLUSTER
45269300,G0503,IN_CLUSTER
43662693,G0114,IN_CLUSTER
45169945,G0115,IN_CLUSTER
44867307,G0656,IN_CLUSTER
45142630,G0114,IN_CLUSTER
44971549,G0323,IN_CLUSTER
45253141,G0072,IN_CLUSTER
45253417,G0072,IN_CLUSTER
45257227,G0764,IN_CLUSTER
45245534,G0210,IN_CLUSTER
45232260,G0666,IN_CLUSTER
45246980,G0606,IN_CLUSTER
41340827,G0091,IN_CLUSTER
41851869,G0087,IN_CLUSTER
42006475,G0089,IN_CLUSTER
43554175,G0060,IN_CLUSTER
44420531,G0060,IN_CLUSTER
44175755,G0060,IN_CLUSTER
45108824,G0285,IN_CLUSTER
44959043,G0269,IN_CLUSTER
44588604,G0594,IN_CLUSTER
44872005,G0279,IN_CLUSTER
43734431,G0077,IN_CLUSTER
43471444,G0331,IN_CLUSTER
43683976,G0482,IN_CLUSTER
45186591,G0661,IN_CLUSTER
43684191,G0379,IN_CLUSTER
42764854,G0359,IN_CLUSTER
43676269,G0482,IN_CLUSTER
44218641,G0634,IN_CLUSTER
45265794,G0757,IN_CLUSTER
39919262,G0359,IN_CLUSTER
45025327,G0572,IN_CLUSTER
45025194,G0520,IN_CLUSTER
45024824,G0607,IN_CLUSTER
45021580,G0587,IN_CLUSTER
45016800,G0656,IN_CLUSTER
43161586,G0319,IN_CLUSTER
45250656,G0337,IN_CLUSTER
45268404,G0128,IN_CLUSTER
45074852,G0293,IN_CLUSTER
45054302,G0086,IN_CLUSTER
45263838,G0247,IN_CLUSTER
45088221,G0595,IN_CLUSTER
45267558,G0533,IN_CLUSTER
44418681,G0576,IN_CLUSTER
44538130,G0728,IN_CLUSTER
42807823,G0012,IN_CLUSTER
45256146,G0366,IN_CLUSTER
43317208,G0322,IN_CLUSTER
45256237,G0421,IN_CLUSTER
44877579,G0064,IN_CLUSTER
45211803,G0284,IN_CLUSTER
45249921,G0527,IN_CLUSTER
45203010,G0884,IN_CLUSTER
45158046,G0778,IN_CLUSTER
44732090,G0083,IN_CLUSTER
45078115,G0430,IN_CLUSTER
45144247,G0841,IN_CLUSTER
45231927,G0164,IN_CLUSTER
44506557,G0657,IN_CLUSTER
44597054,G0328,IN_CLUSTER
45266775,G0656,IN_CLUSTER
42155983,G0576,IN_CLUSTER
44125126,G0057,IN_CLUSTER
45237769,G0538,IN_CLUSTER
45266517,G0732,IN_CLUSTER
45267284,G0358,IN_CLUSTER
45215573,G0805,IN_CLUSTER
44743670,G0187,IN_CLUSTER
44650774,G0064,IN_CLUSTER
44947505,G0064,IN_CLUSTER
44962142,G0072,IN_CLUSTER
45241427,G0072,IN_CLUSTER
44798739,G0169,IN_CLUSTER
45234228,G0070,IN_CLUSTER
45240961,G0072,IN_CLUSTER
45054497,G0072,IN_CLUSTER
40691400,G0373,IN_CLUSTER
44477502,G0072,IN_CLUSTER
44783756,G0072,IN_CLUSTER
44068847,G0060,IN_CLUSTER
44870671,G0064,IN_CLUSTER
44955264,G0072,IN_CLUSTER
45173815,G0215,IN_CLUSTER
45256244,G0518,IN_CLUSTER
45257726,G0178,IN_CLUSTER
45256250,G0289,IN_CLUSTER
45255223,G0413,IN_CLUSTER
44745637,G0446,IN_CLUSTER
45067608,G0527,IN_CLUSTER
44807125,G0360,IN_CLUSTER
45183992,G0788,IN_CLUSTER
45257346,G0983,IN_CLUSTER
44578203,G0119,IN_CLUSTER
45241057,G0091,IN_CLUSTER
45128273,G0181,IN_CLUSTER
45233537,G0127,IN_CLUSTER
45088537,G0119,IN_CLUSTER
44837561,G0171,IN_CLUSTER
44958250,G0164,IN_CLUSTER
41315903,G0091,IN_CLUSTER
45263812,G0410,IN_CLUSTER
44475272,G0783,IN_CLUSTER
45257711,G0365,IN_CLUSTER
45216160,G0331,IN_CLUSTER
44958480,G0215,IN_CLUSTER
45255630,G0469,IN_CLUSTER
45255392,G0469,IN_CLUSTER
45258179,G0086,IN_CLUSTER
44385645,G0051,IN_CLUSTER
45268305,G0363,IN_CLUSTER
45268290,G0596,IN_CLUSTER
44673778,G0230,IN_CLUSTER
45267186,G0596,IN_CLUSTER
44971187,G0051,IN_CLUSTER
45255012,G0963,IN_CLUSTER
44466877,G0729,IN_CLUSTER
45213093,G0060,IN_CLUSTER
45260759,G0703,IN_CLUSTER
44620727,G0302,IN_CLUSTER
45207563,G0820,IN_CLUSTER
44895620,G0706,IN_CLUSTER
43634809,G0114,IN_CLUSTER
44112412,G0331,IN_CLUSTER
44421523,G0746,IN_CLUSTER
43981027,G0516,IN_CLUSTER
45267976,G0855,IN_CLUSTER
45068527,G0215,IN_CLUSTER
44430840,G0538,IN_CLUSTER
44550792,G0051,IN_CLUSTER
45166768,G0805,IN_CLUSTER
44635628,G0057,IN_CLUSTER
44826298,G0767,IN_CLUSTER
45232601,G0826,IN_CLUSTER
45255721,G0425,IN_CLUSTER
45256231,G0325,IN_CLUSTER
44378630,G0050,IN_CLUSTER
45267208,G0895,IN_CLUSTER
45016734,G0916,IN_CLUSTER
44772828,G0793,IN_CLUSTER
44870510,G0290,IN_CLUSTER
45210970,G0783,IN_CLUSTER
42587414,G0072,IN_CLUSTER
44572247,G0051,IN_CLUSTER
45263889,G0023,IN_CLUSTER
45065899,G0798,IN_CLUSTER
45054228,G0072,IN_CLUSTER
44755193,G0413,IN_CLUSTER
45250288,G0360,IN_CLUSTER
45263618,G0420,IN_CLUSTER
44714166,G0306,IN_CLUSTER
44393683,G0737,IN_CLUSTER
45176415,G0538,IN_CLUSTER
45200975,G0085,IN_CLUSTER
44023375,G0060,IN_CLUSTER
45169295,G0072,IN_CLUSTER
44739249,G0064,IN_CLUSTER
44432789,G0545,IN_CLUSTER
43705497,G0528,IN_CLUSTER
45132834,G0239,IN_CLUSTER
44986073,G0738,IN_CLUSTER
44738219,G0064,IN_CLUSTER
44558312,G0201,IN_CLUSTER
44558218,G0201,IN_CLUSTER
44523302,G0159,IN_CLUSTER
44014149,G0064,IN_CLUSTER
45007922,G0805,IN_CLUSTER
44940395,G0057,IN_CLUSTER
45248809,G0722,IN_CLUSTER
45255784,G0397,IN_CLUSTER
40513465,G0064,IN_CLUSTER
45052563,G0646,IN_CLUSTER
44961052,G0209,IN_CLUSTER
45267089,G0822,IN_CLUSTER
44455660,G0968,IN_CLUSTER
45252189,G0865,IN_CLUSTER
44745552,G0406,IN_CLUSTER
45264249,G0130,IN_CLUSTER
45258521,G0531,IN_CLUSTER
45251031,G0822,IN_CLUSTER
44717979,G0602,IN_CLUSTER
45268387,G0606,IN_CLUSTER
43232221,G0843,IN_CLUSTER
44920655,G0371,IN_CLUSTER
45143438,G0271,IN_CLUSTER
45117201,G0790,IN_CLUSTER
45148338,G0792,IN_CLUSTER
45177268,G0454,IN_CLUSTER
45205679,G0223,IN_CLUSTER
45250379,G0443,IN_CLUSTER
45137354,G0778,IN_CLUSTER
45109121,G0934,IN_CLUSTER
42177453,G0046,IN_CLUSTER
45230396,G0481,IN_CLUSTER
43357553,G0546,IN_CLUSTER
45158956,G0524,IN_CLUSTER
45158802,G0535,IN_CLUSTER
45184555,G0607,IN_CLUSTER
45184505,G0689,IN_CLUSTER
45184445,G0702,IN_CLUSTER
45025690,G0577,IN_CLUSTER
45159585,G0698,IN_CLUSTER
45025539,G0708,IN_CLUSTER
44735546,G0733,IN_CLUSTER
45196397,G0003,IN_CLUSTER
43989563,G0667,IN_CLUSTER
44488372,G0704,IN_CLUSTER
45101997,G0462,IN_CLUSTER
45102022,G0890,IN_CLUSTER
45137798,G0261,IN_CLUSTER
44348441,G0926,IN_CLUSTER
45183034,G0611,IN_CLUSTER
45177900,G0711,IN_CLUSTER
44558909,G0515,IN_CLUSTER
45128308,G0176,IN_CLUSTER
44909325,G0194,IN_CLUSTER
44087696,G0151,IN_CLUSTER
43229879,G0612,IN_CLUSTER
43817305,G0510,IN_CLUSTER
45152695,G0499,IN_CLUSTER
40503409,G0594,IN_CLUSTER
43686285,G0616,IN_CLUSTER
45191212,G0059,IN_CLUSTER
44599657,G0281,IN_CLUSTER
44326273,G0104,IN_CLUSTER
45235052,G0132,IN_CLUSTER
45233151,G0702,IN_CLUSTER
45246054,G0919,IN_CLUSTER
44947883,G0554,IN_CLUSTER
44635188,G0483,IN_CLUSTER
45117835,G0386,IN_CLUSTER
45213691,G0532,IN_CLUSTER
44233616,G0359,IN_CLUSTER
44797709,G0064,IN_CLUSTER
41770473,G0089,IN_CLUSTER
44797734,G0064,IN_CLUSTER
43697094,G0072,IN_CLUSTER
43197023,G0060,IN_CLUSTER
45119935,G0752,IN_CLUSTER
44487580,G1020,IN_CLUSTER
44901153,G0482,IN_CLUSTER
43732616,G0385,IN_CLUSTER
45114829,G0411,IN_CLUSTER
44959314,G0642,IN_CLUSTER
44059773,G0413,IN_CLUSTER
45232122,G0841,IN_CLUSTER
45128667,G0109,IN_CLUSTER
44819431,G0106,IN_CLUSTER
44872041,G0752,IN_CLUSTER
45047881,G0256,IN_CLUSTER
44713249,G0316,IN_CLUSTER
44345057,G0331,IN_CLUSTER
44965275,G0359,IN_CLUSTER
44966659,G0587,IN_CLUSTER
44620331,G1069,IN_CLUSTER
44690439,G1069,IN_CLUSTER
45162192,G1014,IN_CLUSTER
44829093,G0266,IN_CLUSTER
45157462,G0538,IN_CLUSTER
44913725,G0266,IN_CLUSTER
44445558,G0696,IN_CLUSTER
44727477,G1004,IN_CLUSTER
44585936,G0475,IN_CLUSTER
45141155,G0120,IN_CLUSTER
44879590,G0114,IN_CLUSTER
45101515,G0273,IN_CLUSTER
44793585,G0579,IN_CLUSTER
45141065,G0057,IN_CLUSTER
43887600,G0091,IN_CLUSTER
44582802,G0091,IN_CLUSTER
45056889,G0706,IN_CLUSTER
44756981,G0746,IN_CLUSTER
44059221,G0370,IN_CLUSTER
43713934,G0396,IN_CLUSTER
44372316,G0201,IN_CLUSTER
45127270,G0869,IN_CLUSTER
44773246,G0616,IN_CLUSTER
43973754,G0437,IN_CLUSTER
44531779,G0779,IN_CLUSTER
45130115,G0274,IN_CLUSTER
45093806,G0528,IN_CLUSTER
45237772,G0518,IN_CLUSTER
45239592,G0677,IN_CLUSTER
42972398,G0132,IN_CLUSTER
43824759,G0675,IN_CLUSTER
44884865,G0312,IN_CLUSTER
44059695,G0413,IN_CLUSTER
43017696,G0375,IN_CLUSTER
44854900,G0116,IN_CLUSTER
44905790,G0215,IN_CLUSTER
45019913,G0113,IN_CLUSTER
45025478,G0138,IN_CLUSTER
45264187,G0677,IN_CLUSTER
45160107,G0584,IN_CLUSTER
44390382,G0972,IN_CLUSTER
44596070,G0707,IN_CLUSTER
44098771,G0359,IN_CLUSTER
45088511,G0517,IN_CLUSTER
44161504,G0346,IN_CLUSTER
44984143,G0195,IN_CLUSTER
45186557,G0140,IN_CLUSTER
41019599,G0046,IN_CLUSTER
44784242,G0571,IN_CLUSTER
44487371,G0151,IN_CLUSTER
45010087,G0707,IN_CLUSTER
44460227,G0689,IN_CLUSTER
44971134,G0523,IN_CLUSTER
44884297,G0201,IN_CLUSTER
44425728,G1061,IN_CLUSTER
44754807,G0527,IN_CLUSTER
45114937,G0791,IN_CLUSTER
44992813,G0681,IN_CLUSTER
45137965,G0596,IN_CLUSTER
44833225,G0483,IN_CLUSTER
45105861,G0505,IN_CLUSTER
45155379,G0418,IN_CLUSTER
45149575,G0419,IN_CLUSTER
44963047,G0591,IN_CLUSTER
45140583,G0072,IN_CLUSTER
45250023,G0126,IN_CLUSTER
45254655,G0677,IN_CLUSTER
45247769,G0687,IN_CLUSTER
44995869,G0072,IN_CLUSTER
44652527,G0349,IN_CLUSTER
45212157,G0797,IN_CLUSTER
44389301,G0356,IN_CLUSTER
43928437,G0530,IN_CLUSTER
45011234,G0871,IN_CLUSTER
45005393,G0730,IN_CLUSTER
43585255,G0379,IN_CLUSTER
44885592,G0072,IN_CLUSTER
45248570,G0191,IN_CLUSTER
44812705,G0222,IN_CLUSTER
45106540,G0128,IN_CLUSTER
45250342,G0386,IN_CLUSTER
45254675,G0149,IN_CLUSTER
45132591,G0817,IN_CLUSTER
45248004,G0270,IN_CLUSTER
44857911,G0119,IN_CLUSTER
44125406,G0374,IN_CLUSTER
45227685,G0719,IN_CLUSTER
44973672,G0707,IN_CLUSTER
45237438,G0752,IN_CLUSTER
45059567,G0322,IN_CLUSTER
44926293,G0371,IN_CLUSTER
44888767,G0382,IN_CLUSTER
45047879,G0333,IN_CLUSTER
44959298,G0413,IN_CLUSTER
43900905,G0375,IN_CLUSTER
44807149,G0677,IN_CLUSTER
44827098,G0285,IN_CLUSTER
45025878,G0607,IN_CLUSTER
44653894,G0693,IN_CLUSTER
44823393,G0353,IN_CLUSTER
44495738,G0042,IN_CLUSTER
43727121,G0672,IN_CLUSTER
44619715,G0869,IN_CLUSTER
45250648,G0752,IN_CLUSTER
44713426,G0372,IN_CLUSTER
43899485,G0331,IN_CLUSTER
44689369,G0305,IN_CLUSTER
44452047,G0558,IN_CLUSTER
43578966,G0377,IN_CLUSTER
44605207,G0396,IN_CLUSTER
45106137,G0799,IN_CLUSTER
45252017,G0800,IN_CLUSTER
43637784,G0266,IN_CLUSTER
43698050,G0356,IN_CLUSTER
45124968,G0644,IN_CLUSTER
44156207,G0757,IN_CLUSTER
44818736,G0693,IN_CLUSTER
44935288,G0537,IN_CLUSTER
44645993,G0371,IN_CLUSTER
44334707,G0367,IN_CLUSTER
45252025,G0826,IN_CLUSTER
43937421,G0501,IN_CLUSTER
43588872,G0568,IN_CLUSTER
43857274,G0677,IN_CLUSTER
44488972,G0768,IN_CLUSTER
44790683,G0800,IN_CLUSTER
45252225,G0492,IN_CLUSTER
45229849,G0900,IN_CLUSTER
45141247,G0881,IN_CLUSTER
45063348,G0770,IN_CLUSTER
45109178,G0905,IN_CLUSTER
44290797,G0668,IN_CLUSTER
44997313,G0355,IN_CLUSTER
45249096,G0758,IN_CLUSTER
45253098,G0882,IN_CLUSTER
44596675,G0785,IN_CLUSTER
44996895,G0129,IN_CLUSTER
45102762,G0161,IN_CLUSTER
44187043,G0678,IN_CLUSTER
45204859,G0424,IN_CLUSTER
42991175,G0966,IN_CLUSTER
44957835,G0872,IN_CLUSTER
45055915,G0630,IN_CLUSTER
45144108,G0656,IN_CLUSTER
45140720,G0518,IN_CLUSTER
45118442,G0502,IN_CLUSTER
45055816,G0374,IN_CLUSTER
44508062,G0691,IN_CLUSTER
45178550,G0691,IN_CLUSTER
45232121,G0833,IN_CLUSTER
44666611,G0338,IN_CLUSTER
44821134,G0788,IN_CLUSTER
45009349,G0874,IN_CLUSTER
45008472,G0721,IN_CLUSTER
45246455,G0540,IN_CLUSTER
43572906,G0857,IN_CLUSTER
44880471,G0832,IN_CLUSTER
45144416,G0593,IN_CLUSTER
44235703,G0603,IN_CLUSTER
44733927,G0053,IN_CLUSTER
45097499,G0729,IN_CLUSTER
42513639,G0046,IN_CLUSTER
44859306,G0430,IN_CLUSTER
44887265,G0119,IN_CLUSTER
44102172,G0822,IN_CLUSTER
45159325,G0708,IN_CLUSTER
45151807,G0108,IN_CLUSTER
45152244,G0427,IN_CLUSTER
45095939,G0055,IN_CLUSTER
45154419,G0380,IN_CLUSTER
45084742,G0102,IN_CLUSTER
45101930,G0102,IN_CLUSTER
45152823,G0102,IN_CLUSTER
44971824,G0380,IN_CLUSTER
44960061,G0054,IN_CLUSTER
44996009,G0111,IN_CLUSTER
44998073,G0111,IN_CLUSTER
43503286,G0871,IN_CLUSTER
45248754,G1003,IN_CLUSTER
44855737,G0487,IN_CLUSTER
45249634,G0469,IN_CLUSTER
45143569,G0605,IN_CLUSTER
45151295,G0686,IN_CLUSTER
45020016,G0587,IN_CLUSTER
45155645,G0686,IN_CLUSTER
45164175,G0535,IN_CLUSTER
45054905,G0181,IN_CLUSTER
44441867,G0539,IN_CLUSTER
45156037,G0181,IN_CLUSTER
45128189,G0181,IN_CLUSTER
45136662,G0079,IN_CLUSTER
45075295,G0119,IN_CLUSTER
44009956,G0547,IN_CLUSTER
44489869,G0066,IN_CLUSTER
44010041,G0445,IN_CLUSTER
44832652,G0252,IN_CLUSTER
44899155,G0556,IN_CLUSTER
43900461,G0674,IN_CLUSTER
44156256,G0064,IN_CLUSTER
44340134,G0072,IN_CLUSTER
44790440,G0297,IN_CLUSTER
44714315,G0276,IN_CLUSTER
44954044,G0162,IN_CLUSTER
43900366,G0783,IN_CLUSTER
43496938,G0798,IN_CLUSTER
45196417,G0607,IN_CLUSTER
44359769,G0201,IN_CLUSTER
45197057,G0350,IN_CLUSTER
43873781,G0202,IN_CLUSTER
45197430,G0139,IN_CLUSTER
45178935,G0434,IN_CLUSTER
44995879,G0414,IN_CLUSTER
43942031,G0553,IN_CLUSTER
45107836,G0036,IN_CLUSTER
44923306,G0736,IN_CLUSTER
45097170,G0559,IN_CLUSTER
45125769,G0547,IN_CLUSTER
44529715,G0620,IN_CLUSTER
45023000,G0371,IN_CLUSTER
45142553,G0315,IN_CLUSTER
45189213,G0891,IN_CLUSTER
45238334,G0318,IN_CLUSTER
44629805,G0813,IN_CLUSTER
44786778,G0545,IN_CLUSTER
44742848,G0482,IN_CLUSTER
44786880,G0545,IN_CLUSTER
45130272,G0866,IN_CLUSTER
45240894,G0873,IN_CLUSTER
45101549,G0806,IN_CLUSTER
45074990,G0338,IN_CLUSTER
45101591,G0824,IN_CLUSTER
44526452,G0806,IN_CLUSTER
45202806,G0809,IN_CLUSTER
40489660,G0843,IN_CLUSTER
44616036,G0893,IN_CLUSTER
44624437,G1001,IN_CLUSTER
45104256,G0008,IN_CLUSTER
44840966,G0654,IN_CLUSTER
45204788,G0200,IN_CLUSTER
45093376,G0253,IN_CLUSTER
45229984,G0119,IN_CLUSTER
44440058,G0194,IN_CLUSTER
45233856,G0350,IN_CLUSTER
44186994,G0217,IN_CLUSTER
45232672,G0215,IN_CLUSTER
45088361,G0753,IN_CLUSTER
44511198,G0201,IN_CLUSTER
44438384,G0091,IN_CLUSTER
43813634,G0119,IN_CLUSTER
43113947,G0130,IN_CLUSTER
45144302,G0413,IN_CLUSTER
45246442,G0822,IN_CLUSTER
45247355,G0458,IN_CLUSTER
45237954,G0125,IN_CLUSTER
45247316,G0860,IN_CLUSTER
45220098,G0906,IN_CLUSTER
45171086,G0622,IN_CLUSTER
45230039,G0250,IN_CLUSTER
45082473,G0128,IN_CLUSTER
45204910,G0269,IN_CLUSTER
45247172,G0858,IN_CLUSTER
44740495,G0897,IN_CLUSTER
44418456,G0935,IN_CLUSTER
44910264__2,G0215,IN_CLUSTER
44397207,G0911,IN_CLUSTER
45121026,G0871,IN_CLUSTER
45144226,G0718,IN_CLUSTER
43499957,G0846,IN_CLUSTER
44995636,G0426,IN_CLUSTER
44990536,G0592,IN_CLUSTER
44954094,G0326,IN_CLUSTER
45108854,G0540,IN_CLUSTER
44066576,G0072,IN_CLUSTER
45244387,G0580,IN_CLUSTER
44886954,G0239,IN_CLUSTER
45247040,G0945,IN_CLUSTER
45133836,G0656,IN_CLUSTER
44315816__2,G0072,IN_CLUSTER
42180154,G0058,IN_CLUSTER
45247303,G0064,IN_CLUSTER
45219816,G0834,IN_CLUSTER
44954267,G0457,IN_CLUSTER
44621409,G0194,IN_CLUSTER
45088499,G0072,IN_CLUSTER
44348188,G0072,IN_CLUSTER
44640984,G1067,IN_CLUSTER
45246086,G0962,IN_CLUSTER
45093839,G0538,IN_CLUSTER
44881508,G0545,IN_CLUSTER
45245678,G0181,IN_CLUSTER
45118036,G0671,IN_CLUSTER
44732699,G0344,IN_CLUSTER
45246006,G0918,IN_CLUSTER
44842280,G0826,IN_CLUSTER
42235197,G0100,IN_CLUSTER
44694186,G0313,IN_CLUSTER
45245743,G0195,IN_CLUSTER
44426090,G0622,IN_CLUSTER
45065862,G0010,IN_CLUSTER
44732057,G0411,IN_CLUSTER
45246152,G0721,IN_CLUSTER
45240187__2,G0602,IN_CLUSTER
44881518,G0354,IN_CLUSTER
44543331,G0535,IN_CLUSTER
45118041,G0477,IN_CLUSTER
45205916,G0809,IN_CLUSTER
45242102,G0340,IN_CLUSTER
45093729,G0563,IN_CLUSTER
44994529,G0752,IN_CLUSTER
45246268,G0027,IN_CLUSTER
44730405,G0468,IN_CLUSTER
45243471,G0377,IN_CLUSTER
45244632,G0559,IN_CLUSTER
45243957,G0781,IN_CLUSTER
45240083,G0281,IN_CLUSTER
44538856,G0551,IN_CLUSTER
41641818,G0489,IN_CLUSTER
45152520,G0719,IN_CLUSTER
45245900,G0699,IN_CLUSTER
45244754,G0765,IN_CLUSTER
45240240,G0826,IN_CLUSTER
43955966,G0691,IN_CLUSTER
45174323,G0691,IN_CLUSTER
45020835,G0181,IN_CLUSTER
45245437,G0377,IN_CLUSTER
45111083,G0328,IN_CLUSTER
45190792,G0321,IN_CLUSTER
45244640,G0686,IN_CLUSTER
45245193,G0858,IN_CLUSTER
45174425,G0907,IN_CLUSTER
45195213,G0888,IN_CLUSTER
45161542,G0184,IN_CLUSTER
45240385,G0913,IN_CLUSTER
44833424,G1055,IN_CLUSTER
45005604,G0139,IN_CLUSTER
45236756,G0842,IN_CLUSTER
45231699,G0564,IN_CLUSTER
45242353,G0604,IN_CLUSTER
45140536,G0197,IN_CLUSTER
44668641,G0331,IN_CLUSTER
44932247,G0748,IN_CLUSTER
45241889,G0782,IN_CLUSTER
40626546,G0428,IN_CLUSTER
45242724,G0801,IN_CLUSTER
44244182,G1061,IN_CLUSTER
43173312,G0624,IN_CLUSTER
45026281,G0840,IN_CLUSTER
45058266,G0842,IN_CLUSTER
45235440,G0401,IN_CLUSTER
45244241,G1061,IN_CLUSTER
44890833,G0030,IN_CLUSTER
45215996,G0478,IN_CLUSTER
45243708,G0998,IN_CLUSTER
44648582,G0843,IN_CLUSTER
43153771,G0403,IN_CLUSTER
45160018,G0527,IN_CLUSTER
44428066,G0285,IN_CLUSTER
41358196,G0482,IN_CLUSTER
45237780,G0103,IN_CLUSTER
45240363,G0871,IN_CLUSTER
45242594,G0502,IN_CLUSTER
45207820,G0653,IN_CLUSTER
44296142,G0350,IN_CLUSTER
44459429,G0357,IN_CLUSTER
45231780,G0174,IN_CLUSTER
45222961,G0848,IN_CLUSTER
44487231,G0677,IN_CLUSTER
45239656,G0423,IN_CLUSTER
45241462,G0860,IN_CLUSTER
42156226,G0032,IN_CLUSTER
45242428,G0673,IN_CLUSTER
44887491,G0199,IN_CLUSTER
44263973,G0851,IN_CLUSTER
45241974,G0318,IN_CLUSTER
45239681,G0487,IN_CLUSTER
45230659,G0128,IN_CLUSTER
45223417,G0374,IN_CLUSTER
44127135,G0980,IN_CLUSTER
38237735,G0060,IN_CLUSTER
45054518,G0082,IN_CLUSTER
36834013,G0060,IN_CLUSTER
37178168,G0060,IN_CLUSTER
45066832,G0542,IN_CLUSTER
43751182,G0813,IN_CLUSTER
44648382,G0843,IN_CLUSTER
44417445,G0876,IN_CLUSTER
44655376,G0896,IN_CLUSTER
45076615,G0371,IN_CLUSTER
44382702,G0085,IN_CLUSTER
43015737,G0782,IN_CLUSTER
44091096,G0798,IN_CLUSTER
44786304,G0957,IN_CLUSTER
42159430,G0359,IN_CLUSTER
44965090,G0649,IN_CLUSTER
44351675,G0836,IN_CLUSTER
43716412,G0359,IN_CLUSTER
45104556,G0444,IN_CLUSTER
44897311,G0306,IN_CLUSTER
42956794,G0356,IN_CLUSTER
44368428,G0502,IN_CLUSTER
43377808,G0369,IN_CLUSTER
44827162,G0324,IN_CLUSTER
42850213,G0391,IN_CLUSTER
44041170,G0290,IN_CLUSTER
44733999,G0053,IN_CLUSTER
40018547,G0375,IN_CLUSTER
42687922,G0411,IN_CLUSTER
44905888,G0826,IN_CLUSTER
44041264,G0973,IN_CLUSTER
45206386,G1028,IN_CLUSTER
44716797,G0860,IN_CLUSTER
45176450,G0343,IN_CLUSTER
45144435,G0345,IN_CLUSTER
44615822,G0279,IN_CLUSTER
44669242,G0178,IN_CLUSTER
44915368,G0611,IN_CLUSTER
45112879,G0656,IN_CLUSTER
45125747,G0502,IN_CLUSTER
44624881,G0189,IN_CLUSTER
44915344,G0566,IN_CLUSTER
43100236,G0428,IN_CLUSTER
45143281,G0851,IN_CLUSTER
45206027,G0520,IN_CLUSTER
45087480,G0780,IN_CLUSTER
45157388,G0098,IN_CLUSTER
45077780,G0762,IN_CLUSTER
45081886,G0451,IN_CLUSTER
45128056,G0918,IN_CLUSTER
45146527,G0702,IN_CLUSTER
45229568,G0789,IN_CLUSTER
45059852,G0333,IN_CLUSTER
44775591,G0379,IN_CLUSTER
44620918,G0955,IN_CLUSTER
45210238,G0148,IN_CLUSTER
45201082,G0143,IN_CLUSTER
44820662,G0099,IN_CLUSTER
45102993,G0234,IN_CLUSTER
44945981,G1015,IN_CLUSTER
45104283,G0400,IN_CLUSTER
45160333,G0849,IN_CLUSTER
45157309,G0797,IN_CLUSTER
44398073,G0727,IN_CLUSTER
44804549,G0867,IN_CLUSTER
44830541,G0551,IN_CLUSTER
45114495,G0918,IN_CLUSTER
45154879,G0103,IN_CLUSTER
44746209,G0087,IN_CLUSTER
44891727,G0243,IN_CLUSTER
44959037,G0778,IN_CLUSTER
44878017,G0999,IN_CLUSTER
42182617,G1069,IN_CLUSTER
45005790,G1065,IN_CLUSTER
44942882,G1015,IN_CLUSTER
45240681,G0938,IN_CLUSTER
45163698,G0132,IN_CLUSTER
44835622,G0499,IN_CLUSTER
45085966,G0596,IN_CLUSTER
45043941,G0737,IN_CLUSTER
45238048,G0175,IN_CLUSTER
45236792,G0978,IN_CLUSTER
45104084,G0494,IN_CLUSTER
45240745,G0350,IN_CLUSTER
45221402,G0996,IN_CLUSTER
45233688,G0574,IN_CLUSTER
45202146,G0976,IN_CLUSTER
44841956,G0072,IN_CLUSTER
44912644,G0089,IN_CLUSTER
44857859,G0060,IN_CLUSTER
45157792,G0072,IN_CLUSTER
45010057,G0072,IN_CLUSTER
44990934,G0194,IN_CLUSTER
45056553,G0064,IN_CLUSTER
44854998,G0119,IN_CLUSTER
45215331,G0171,IN_CLUSTER
44881676,G0119,IN_CLUSTER
44907937,G0119,IN_CLUSTER
45035345,G0699,IN_CLUSTER
44922460,G0064,IN_CLUSTER
45222316,G0719,IN_CLUSTER
45025939,G0515,IN_CLUSTER
44233376,G0683,IN_CLUSTER
43903476,G1069,IN_CLUSTER
45204163,G0309,IN_CLUSTER
45240090,G0430,IN_CLUSTER
45215597,G0482,IN_CLUSTER
45104897,G0119,IN_CLUSTER
45239064,G0025,IN_CLUSTER
45239402,G0681,IN_CLUSTER
44515581,G0618,IN_CLUSTER
45163492,G0849,IN_CLUSTER
43216915,G0757,IN_CLUSTER
45016818,G0761,IN_CLUSTER
45047466,G0761,IN_CLUSTER
45128479,G0778,IN_CLUSTER
41491999,G0206,IN_CLUSTER
44554063,G0602,IN_CLUSTER
45194730,G0536,IN_CLUSTER
45239247,G0379,IN_CLUSTER
44766246,G0026,IN_CLUSTER
45238719,G0401,IN_CLUSTER
45099519,G0193,IN_CLUSTER
44346982,G0218,IN_CLUSTER
44943702,G0355,IN_CLUSTER
45195267,G0657,IN_CLUSTER
45152166,G0492,IN_CLUSTER
45155061,G0491,IN_CLUSTER
45207213,G0540,IN_CLUSTER
43771765,G0677,IN_CLUSTER
45156507,G0865,IN_CLUSTER
45236908,G0165,IN_CLUSTER
45238149,G0818,IN_CLUSTER
45126351,G0568,IN_CLUSTER
45234835,G1058,IN_CLUSTER
44593731,G0836,IN_CLUSTER
45099850,G0540,IN_CLUSTER
44271574,G0316,IN_CLUSTER
45237139,G0350,IN_CLUSTER
45237701,G0312,IN_CLUSTER
45046681,G0850,IN_CLUSTER
43714148,G0275,IN_CLUSTER
43899935,G0428,IN_CLUSTER
44890363,G0970,IN_CLUSTER
45139954,G0803,IN_CLUSTER
45237121,G0611,IN_CLUSTER
45239086,G0483,IN_CLUSTER
43937374,G0359,IN_CLUSTER
44106429,G0359,IN_CLUSTER
44408705,G0459,IN_CLUSTER
44997886,G0064,IN_CLUSTER
45039548,G0572,IN_CLUSTER
44842530,G0926,IN_CLUSTER
45200981,G0119,IN_CLUSTER
44928352,G0416,IN_CLUSTER
42585581,G0602,IN_CLUSTER
44669387,G0756,IN_CLUSTER
44723754,G0292,IN_CLUSTER
43482908,G0857,IN_CLUSTER
44953993,G0812,IN_CLUSTER
45236705,G0072,IN_CLUSTER
44544650,G0723,IN_CLUSTER
44496308,G0253,IN_CLUSTER
43485499,G0218,IN_CLUSTER
43684811,G0647,IN_CLUSTER
44566903,G0757,IN_CLUSTER
45237543,G0407,IN_CLUSTER
44855726,G0656,IN_CLUSTER
45201565,G1069,IN_CLUSTER
45124957,G0864,IN_CLUSTER
44723894,G0316,IN_CLUSTER
44956234,G0062,IN_CLUSTER
44587740,G0051,IN_CLUSTER
45182811,G0611,IN_CLUSTER
45237194,G0486,IN_CLUSTER
45197066,G0681,IN_CLUSTER
45236592,G1006,IN_CLUSTER
45237270,G0675,IN_CLUSTER
45163490,G0808,IN_CLUSTER
45094268,G0587,IN_CLUSTER
45230780,G0675,IN_CLUSTER
45161284,G0098,IN_CLUSTER
45236774,G0981,IN_CLUSTER
44492641,G0123,IN_CLUSTER
45204924,G1007,IN_CLUSTER
45236333,G1034,IN_CLUSTER
45235509,G0953,IN_CLUSTER
45233717,G0463,IN_CLUSTER
45197030,G0017,IN_CLUSTER
43552850,G0253,IN_CLUSTER
45236404,G0860,IN_CLUSTER
45046696,G0846,IN_CLUSTER
44243423,G0654,IN_CLUSTER
45234974,G0758,IN_CLUSTER
44717765,G0664,IN_CLUSTER
45231828,G0134,IN_CLUSTER
45235999,G0971,IN_CLUSTER
43552729,G0331,IN_CLUSTER
45004644,G0026,IN_CLUSTER
45011337,G0691,IN_CLUSTER
44607260,G0323,IN_CLUSTER
45233273,G0141,IN_CLUSTER
45226530,G0916,IN_CLUSTER
44955433,G0131,IN_CLUSTER
45231990,G0130,IN_CLUSTER
45233147,G0338,IN_CLUSTER
45231422,G0964,IN_CLUSTER
45231197,G0203,IN_CLUSTER
45232540,G0583,IN_CLUSTER
45233939,G0130,IN_CLUSTER
45130372,G0031,IN_CLUSTER
45230738,G0675,IN_CLUSTER
45233559,G0268,IN_CLUSTER
45000212,G0706,IN_CLUSTER
45225926,G0203,IN_CLUSTER
41316802,G0843,IN_CLUSTER
44627527,G0057,IN_CLUSTER
44902908,G1005,IN_CLUSTER
45226241,G0051,IN_CLUSTER
44637401,G0056,IN_CLUSTER
44962250,G0998,IN_CLUSTER
45002237,G0871,IN_CLUSTER
45088744,G0151,IN_CLUSTER
44173180,G0210,IN_CLUSTER
43632247,G0210,IN_CLUSTER
44957857,G0128,IN_CLUSTER
45133082,G0502,IN_CLUSTER
44927379,G0128,IN_CLUSTER
44768286,G0181,IN_CLUSTER
44893598,G0084,IN_CLUSTER
44223267,G0128,IN_CLUSTER
43845241,G0217,IN_CLUSTER
44815609,G0826,IN_CLUSTER
45206831,G0692,IN_CLUSTER
44896645,G0620,IN_CLUSTER
45075070,G0095,IN_CLUSTER
44030072,G0924,IN_CLUSTER
44932111,G0804,IN_CLUSTER
45206785,G0415,IN_CLUSTER
45206609,G0424,IN_CLUSTER
45211253,G0423,IN_CLUSTER
45211849,G0448,IN_CLUSTER
45174871,G0785,IN_CLUSTER
44843357,G0179,IN_CLUSTER
45147484,G0574,IN_CLUSTER
44049981,G0269,IN_CLUSTER
44984569,G0514,IN_CLUSTER
44826534,G0779,IN_CLUSTER
45113000,G0855,IN_CLUSTER
45143586,G0702,IN_CLUSTER
42434242,G0665,IN_CLUSTER
41287063,G0684,IN_CLUSTER
45143009,G0740,IN_CLUSTER
44052208,G0457,IN_CLUSTER
44881404,G0399,IN_CLUSTER
45085834,G0115,IN_CLUSTER
45075879,G0630,IN_CLUSTER
45104610,G0630,IN_CLUSTER
44838922,G0269,IN_CLUSTER
43400223,G0317,IN_CLUSTER
44895598,G0915,IN_CLUSTER
44723041,G0803,IN_CLUSTER
45127331,G0287,IN_CLUSTER
45119127,G0253,IN_CLUSTER
45079321,G0167,IN_CLUSTER
45099576,G0178,IN_CLUSTER
45054328,G0167,IN_CLUSTER
45226264,G0364,IN_CLUSTER
44821503,G0787,IN_CLUSTER
45206352,G0553,IN_CLUSTER
44621627,G1064,IN_CLUSTER
44366917,G1066,IN_CLUSTER
45215285,G0502,IN_CLUSTER
45022529,G0856,IN_CLUSTER
44693702,G0123,IN_CLUSTER
45088747,G0181,IN_CLUSTER
45150988,G0655,IN_CLUSTER
45230335,G0413,IN_CLUSTER
45081038,G0708,IN_CLUSTER
45228090,G0611,IN_CLUSTER
45226656,G0518,IN_CLUSTER
44264563,G0529,IN_CLUSTER
45179313,G0610,IN_CLUSTER
45158022,G0675,IN_CLUSTER
45229038,G0737,IN_CLUSTER
45230794,G0708,IN_CLUSTER
44973410,G0636,IN_CLUSTER
45229471,G0383,IN_CLUSTER
45156333,G0675,IN_CLUSTER
44797875,G0064,IN_CLUSTER
43529769,G0064,IN_CLUSTER
44350421,G0398,IN_CLUSTER
45230960,G0039,IN_CLUSTER
44437606,G0890,IN_CLUSTER
45160821,G0768,IN_CLUSTER
44965768,G0543,IN_CLUSTER
43717341,G0322,IN_CLUSTER
45156251,G0780,IN_CLUSTER
45118404,G0577,IN_CLUSTER
45004927,G0892,IN_CLUSTER
44974004,G0553,IN_CLUSTER
45158976,G0719,IN_CLUSTER
45158302,G0682,IN_CLUSTER
45230461,G0699,IN_CLUSTER
43529622,G0072,IN_CLUSTER
44732236,G0072,IN_CLUSTER
45225478,G0106,IN_CLUSTER
44442368,G0558,IN_CLUSTER
45215802,G0502,IN_CLUSTER
45150425,G0752,IN_CLUSTER
44732427,G0046,IN_CLUSTER
44922562,G0703,IN_CLUSTER
45178416,G0634,IN_CLUSTER
45215169,G0703,IN_CLUSTER
44566729,G0355,IN_CLUSTER
41685836__2,G0089,IN_CLUSTER
45162505,G0271,IN_CLUSTER
45146010,G0046,IN_CLUSTER
45228207,G1061,IN_CLUSTER
44731452,G0359,IN_CLUSTER
42953705,G0735,IN_CLUSTER
45230255,G0708,IN_CLUSTER
45094468,G0404,IN_CLUSTER
44929100,G0215,IN_CLUSTER
44593015,G0173,IN_CLUSTER
45227842,G0518,IN_CLUSTER
44467169,G0072,IN_CLUSTER
44845982,G0072,IN_CLUSTER
43614651,G0072,IN_CLUSTER
44578059,G0119,IN_CLUSTER
44905121,G0072,IN_CLUSTER
45193243,G0070,IN_CLUSTER
45088101,G0072,IN_CLUSTER
43860470,G0098,IN_CLUSTER
45186439,G1036,IN_CLUSTER
45228050,G1036,IN_CLUSTER
45229581,G0637,IN_CLUSTER
45228540,G0845,IN_CLUSTER
45161952,G0070,IN_CLUSTER
43530901,G1069,IN_CLUSTER
43419726,G0501,IN_CLUSTER
44542346,G0551,IN_CLUSTER
45039085,G0164,IN_CLUSTER
43988683,G0072,IN_CLUSTER
44837259,G0952,IN_CLUSTER
44704691,G0788,IN_CLUSTER
45183074,G0724,IN_CLUSTER
45228388,G0428,IN_CLUSTER
45025850,G0759,IN_CLUSTER
44407311,G0760,IN_CLUSTER
45194032,G0957,IN_CLUSTER
45211053,G0778,IN_CLUSTER
45194358,G0869,IN_CLUSTER
45078935,G1043,IN_CLUSTER
43517747,G0737,IN_CLUSTER
45172012,G0178,IN_CLUSTER
44671246,G0733,IN_CLUSTER
45224019,G0367,IN_CLUSTER
44970036,G0481,IN_CLUSTER
45227552,G0744,IN_CLUSTER
45226611,G0584,IN_CLUSTER
45158883,G0626,IN_CLUSTER
45226878,G0545,IN_CLUSTER
42777274,G0699,IN_CLUSTER
44670333,G1018,IN_CLUSTER
45223231,G0639,IN_CLUSTER
45018689,G0254,IN_CLUSTER
45013698,G0314,IN_CLUSTER
45177905,G0085,IN_CLUSTER
45226387,G0593,IN_CLUSTER
44827360,G0947,IN_CLUSTER
42928021,G0813,IN_CLUSTER
44977392,G0758,IN_CLUSTER
45216200,G0890,IN_CLUSTER
45224513,G0584,IN_CLUSTER
45220203,G0618,IN_CLUSTER
44869947,G0032,IN_CLUSTER
45204718,G0204,IN_CLUSTER
44673808,G0969,IN_CLUSTER
45223119,G0130,IN_CLUSTER
45196546,G1042,IN_CLUSTER
45224956,G0939,IN_CLUSTER
45224841,G0269,IN_CLUSTER
45225361,G0612,IN_CLUSTER
45224284,G0321,IN_CLUSTER
45201374,G0299,IN_CLUSTER
45223173,G0217,IN_CLUSTER
45224366,G0528,IN_CLUSTER
45219566,G0752,IN_CLUSTER
45223742,G0397,IN_CLUSTER
45189911,G0584,IN_CLUSTER
45223994,G0387,IN_CLUSTER
45223899,G0596,IN_CLUSTER
45210079,G0584,IN_CLUSTER
45222624,G0566,IN_CLUSTER
45195316,G0809,IN_CLUSTER
45188877,G0593,IN_CLUSTER
44944990,G0440,IN_CLUSTER
45223953,G0504,IN_CLUSTER
45222354,G0587,IN_CLUSTER
45222510,G0605,IN_CLUSTER
45215261,G0992,IN_CLUSTER
45224328,G0686,IN_CLUSTER
45190535,G0188,IN_CLUSTER
45224178,G0413,IN_CLUSTER
45192385,G0528,IN_CLUSTER
45223466,G0609,IN_CLUSTER
45199308,G0695,IN_CLUSTER
44994534,G0201,IN_CLUSTER
45009771,G0301,IN_CLUSTER
45223116,G0434,IN_CLUSTER
39328171,G0060,IN_CLUSTER
45061609,G0573,IN_CLUSTER
45032097,G0656,IN_CLUSTER
44126704,G0965,IN_CLUSTER
43552916,G0296,IN_CLUSTER
45051102,G0896,IN_CLUSTER
44329060,G0057,IN_CLUSTER
42104888,G0285,IN_CLUSTER
45083827,G0953,IN_CLUSTER
45149696,G0934,IN_CLUSTER
44773068,G0269,IN_CLUSTER
45057882,G0957,IN_CLUSTER
45184381,G0946,IN_CLUSTER
45158404,G0949,IN_CLUSTER
44953675,G0970,IN_CLUSTER
45199407,G0959,IN_CLUSTER
45197139,G0965,IN_CLUSTER
45204762,G0976,IN_CLUSTER
45202785,G0952,IN_CLUSTER
45221695,G0965,IN_CLUSTER
45205027,G0965,IN_CLUSTER
45192019,G0965,IN_CLUSTER
45090654,G0621,IN_CLUSTER
44852119,G0060,IN_CLUSTER
45060455,G0270,IN_CLUSTER
45146331,G0770,IN_CLUSTER
44945736,G0457,IN_CLUSTER
45066979,G0632,IN_CLUSTER
44745929,G0013,IN_CLUSTER
45158517,G0035,IN_CLUSTER
44815225,G0391,IN_CLUSTER
44492541,G0657,IN_CLUSTER
44730435,G0411,IN_CLUSTER
45119458,G0489,IN_CLUSTER
44886746,G0551,IN_CLUSTER
45011708,G0492,IN_CLUSTER
45160024,G0034,IN_CLUSTER
45080508,G0033,IN_CLUSTER
44307759,G0296,IN_CLUSTER
45138486,G0118,IN_CLUSTER
43605941,G0445,IN_CLUSTER
43639251,G0263,IN_CLUSTER
44939017,G0721,IN_CLUSTER
43596772,G0275,IN_CLUSTER
43788665,G0266,IN_CLUSTER
45072572,G0859,IN_CLUSTER
42583860,G0471,IN_CLUSTER
44549064,G0492,IN_CLUSTER
44805680,G0515,IN_CLUSTER
43272904,G0612,IN_CLUSTER
43609282,G0551,IN_CLUSTER
44751479,G0833,IN_CLUSTER
45116083,G0569,IN_CLUSTER
44626770,G0616,IN_CLUSTER
45186272,G0934,IN_CLUSTER
44890005,G0584,IN_CLUSTER
44927823,G0887,IN_CLUSTER
45088684,G0841,IN_CLUSTER
44532538,G0488,IN_CLUSTER
44522657,G0509,IN_CLUSTER
45205943,G0564,IN_CLUSTER
44549533,G0567,IN_CLUSTER
42700245,G0635,IN_CLUSTER
45210106,G0717,IN_CLUSTER
45163791,G0588,IN_CLUSTER
44564031,G0051,IN_CLUSTER
44868771,G0606,IN_CLUSTER
45125602,G0826,IN_CLUSTER
45118111,G0815,IN_CLUSTER
45221498,G1015,IN_CLUSTER
44959065,G0169,IN_CLUSTER
45221343,G0512,IN_CLUSTER
44502536,G1018,IN_CLUSTER
45099055,G0708,IN_CLUSTER
44899680,G0556,IN_CLUSTER
45194127,G0003,IN_CLUSTER
45220782,G0984,IN_CLUSTER
44767187,G0252,IN_CLUSTER
45196522,G0611,IN_CLUSTER
45220383,G0169,IN_CLUSTER
44454285,G0683,IN_CLUSTER
45217777,G0708,IN_CLUSTER
45221253,G0443,IN_CLUSTER
45220106,G0545,IN_CLUSTER
45096390,G0330,IN_CLUSTER
44959929,G0602,IN_CLUSTER
45115875,G0085,IN_CLUSTER
44456195,G0304,IN_CLUSTER
44200919,G0051,IN_CLUSTER
44234452,G0015,IN_CLUSTER
43011177,G0031,IN_CLUSTER
43220620,G0580,IN_CLUSTER
45197120,G0031,IN_CLUSTER
42505985,G0170,IN_CLUSTER
45194190,G0040,IN_CLUSTER
44777477,G0018,IN_CLUSTER
44992654,G0489,IN_CLUSTER
44993942,G0667,IN_CLUSTER
45212387,G0739,IN_CLUSTER
45220144,G0789,IN_CLUSTER
44026736,G0553,IN_CLUSTER
45113537,G0609,IN_CLUSTER
45053231,G1032,IN_CLUSTER
45081815,G0952,IN_CLUSTER
44113870,G0452,IN_CLUSTER
45217136,G0923,IN_CLUSTER
45215158,G0418,IN_CLUSTER
45217976,G0057,IN_CLUSTER
44147966,G0374,IN_CLUSTER
44493837,G0616,IN_CLUSTER
45210343,G0693,IN_CLUSTER
45159288,G0606,IN_CLUSTER
44979694,G0679,IN_CLUSTER
45218089,G0908,IN_CLUSTER
44558555,G0515,IN_CLUSTER
45029262,G0198,IN_CLUSTER
44558902,G0515,IN_CLUSTER
45218919,G0723,IN_CLUSTER
45210546,G0940,IN_CLUSTER
45217702,G1059,IN_CLUSTER
44999864,G0063,IN_CLUSTER
45215592,G0790,IN_CLUSTER
45216538,G0898,IN_CLUSTER
45216887,G0437,IN_CLUSTER
44900177,G0696,IN_CLUSTER
45202884,G0794,IN_CLUSTER
44216029,G0961,IN_CLUSTER
44707165,G0933,IN_CLUSTER
44122851,G1068,IN_CLUSTER
45177340,G0724,IN_CLUSTER
45218954,G0694,IN_CLUSTER
44609961,G0072,IN_CLUSTER
45218235,G0227,IN_CLUSTER
45218912,G0644,IN_CLUSTER
45217235,G1027,IN_CLUSTER
45197650,G0396,IN_CLUSTER
44538240,G0864,IN_CLUSTER
44640570,G0066,IN_CLUSTER
45207951,G0918,IN_CLUSTER
44607479,G0051,IN_CLUSTER
45214116,G0203,IN_CLUSTER
45214928,G1015,IN_CLUSTER
44117018,G0553,IN_CLUSTER
45197627,G0686,IN_CLUSTER
44889787,G0612,IN_CLUSTER
45214926,G0001,IN_CLUSTER
44699370,G0677,IN_CLUSTER
45214777,G0337,IN_CLUSTER
44102841,G0686,IN_CLUSTER
45160758,G0656,IN_CLUSTER
44969367,G0277,IN_CLUSTER
45146401,G0520,IN_CLUSTER
45109536,G0524,IN_CLUSTER
45182878,G0533,IN_CLUSTER
45128126,G0554,IN_CLUSTER
45112753,G0656,IN_CLUSTER
45154072,G0822,IN_CLUSTER
45050074,G0854,IN_CLUSTER
44806109,G0553,IN_CLUSTER
45059651,G0770,IN_CLUSTER
44920943,G0064,IN_CLUSTER
45099274,G0656,IN_CLUSTER
45207606,G0128,IN_CLUSTER
44814841,G0768,IN_CLUSTER
45036065,G0860,IN_CLUSTER
45105255,G0119,IN_CLUSTER
44643381,G0164,IN_CLUSTER
43570256,G0740,IN_CLUSTER
44633584,G0072,IN_CLUSTER
44646439,G0353,IN_CLUSTER
44427635,G0347,IN_CLUSTER
45048496,G0078,IN_CLUSTER
44646136,G0359,IN_CLUSTER
45057486,G0524,IN_CLUSTER
44979444,G0802,IN_CLUSTER
44918394,G0072,IN_CLUSTER
43829753,G0705,IN_CLUSTER
44904491,G0894,IN_CLUSTER
45148125,G0533,IN_CLUSTER
39078021,G0862,IN_CLUSTER
45121517,G0553,IN_CLUSTER
44850188,G0668,IN_CLUSTER
45062729,G0782,IN_CLUSTER
44995495,G0707,IN_CLUSTER
45157943,G0438,IN_CLUSTER
44905609,G0679,IN_CLUSTER
44978120,G0778,IN_CLUSTER
45110126,G0759,IN_CLUSTER
45194196,G0748,IN_CLUSTER
43102591,G0379,IN_CLUSTER
45019799,G0545,IN_CLUSTER
45073914,G0813,IN_CLUSTER
44867479,G0554,IN_CLUSTER
44779145,G0303,IN_CLUSTER
45150817,G0759,IN_CLUSTER
44934807,G0682,IN_CLUSTER
45143748,G0222,IN_CLUSTER
45205124,G0976,IN_CLUSTER
45021271,G0641,IN_CLUSTER
44766282,G0777,IN_CLUSTER
45207948,G0296,IN_CLUSTER
44858898,G0293,IN_CLUSTER
45050974,G0602,IN_CLUSTER
44886440,G0359,IN_CLUSTER
45200842,G0413,IN_CLUSTER
45209564,G0382,IN_CLUSTER
44372189,G0123,IN_CLUSTER
44932665,G0270,IN_CLUSTER
45181110,G0569,IN_CLUSTER
44932544,G0387,IN_CLUSTER
44986783,G0589,IN_CLUSTER
44925166,G0060,IN_CLUSTER
45197397,G0390,IN_CLUSTER
45213268,G1015,IN_CLUSTER
44611580,G0374,IN_CLUSTER
45161234,G0215,IN_CLUSTER
45200648,G0056,IN_CLUSTER
45213326,G1015,IN_CLUSTER
43531387,G0359,IN_CLUSTER
45094868,G0311,IN_CLUSTER
44315206,G0072,IN_CLUSTER
43989783,G0072,IN_CLUSTER
45201231,G0128,IN_CLUSTER
45189941,G0210,IN_CLUSTER
43377676,G0375,IN_CLUSTER
44936092,G0607,IN_CLUSTER
45161667,G0413,IN_CLUSTER
44242606,G0394,IN_CLUSTER
44222729,G0379,IN_CLUSTER
45211234,G0707,IN_CLUSTER
45080258,G0583,IN_CLUSTER
45172741,G0663,IN_CLUSTER
45211836,G0739,IN_CLUSTER
45206999,G0072,IN_CLUSTER
44907827,G0457,IN_CLUSTER
44665507,G0294,IN_CLUSTER
44907090,G0860,IN_CLUSTER
44896332,G0904,IN_CLUSTER
44307723,G0359,IN_CLUSTER
45122141,G0886,IN_CLUSTER
45211431,G1015,IN_CLUSTER
44654114,G0030,IN_CLUSTER
45209086,G0514,IN_CLUSTER
45147698,G0707,IN_CLUSTER
44524721,G0876,IN_CLUSTER
45211771,G0172,IN_CLUSTER
45213303,G0298,IN_CLUSTER
45209973,G0377,IN_CLUSTER
45200898,G0514,IN_CLUSTER
45153903,G0450,IN_CLUSTER
45209835,G0253,IN_CLUSTER
44548644,G0728,IN_CLUSTER
45205900,G0695,IN_CLUSTER
45061303,G0366,IN_CLUSTER
45180105,G0673,IN_CLUSTER
45175886,G0501,IN_CLUSTER
45175429,G0616,IN_CLUSTER
44637565,G0056,IN_CLUSTER
45211536,G0089,IN_CLUSTER
45212454,G0010,IN_CLUSTER
45021898,G0617,IN_CLUSTER
45207627,G0128,IN_CLUSTER
44431816,G0057,IN_CLUSTER
45212565,G0840,IN_CLUSTER
45101382,G0082,IN_CLUSTER
44973643,G0515,IN_CLUSTER
44926521,G0551,IN_CLUSTER
45207570,G0215,IN_CLUSTER
45212198,G0101,IN_CLUSTER
44909092,G0938,IN_CLUSTER
45160970,G0201,IN_CLUSTER
44392855,G0693,IN_CLUSTER
45080935,G0799,IN_CLUSTER
45204210,G0766,IN_CLUSTER
45086734,G0758,IN_CLUSTER
45179980,G0971,IN_CLUSTER
45211549,G1013,IN_CLUSTER
45016430,G0214,IN_CLUSTER
43691212,G0580,IN_CLUSTER
45211035,G0752,IN_CLUSTER
44506594,G0819,IN_CLUSTER
45210609,G0935,IN_CLUSTER
45019081,G0871,IN_CLUSTER
44945779,G0051,IN_CLUSTER
45041250,G0895,IN_CLUSTER
45025831,G0201,IN_CLUSTER
42234179,G0032,IN_CLUSTER
43345599,G0686,IN_CLUSTER
45205881,G1015,IN_CLUSTER
45207560,G0201,IN_CLUSTER
45202069,G0656,IN_CLUSTER
44972785,G1002,IN_CLUSTER
45209430,G0148,IN_CLUSTER
45205298,G0951,IN_CLUSTER
45207388,G1061,IN_CLUSTER
45205834,G1061,IN_CLUSTER
45209045,G0209,IN_CLUSTER
45178622,G0986,IN_CLUSTER
45205957,G0699,IN_CLUSTER
45199044,G0254,IN_CLUSTER
45043691,G0675,IN_CLUSTER
45197649,G0598,IN_CLUSTER
44494201,G0153,IN_CLUSTER
44247860,G0256,IN_CLUSTER
45020850,G0171,IN_CLUSTER
44644396,G0164,IN_CLUSTER
44234870,G0707,IN_CLUSTER
44866741,G0787,IN_CLUSTER
42418438,G0257,IN_CLUSTER
45196395,G0869,IN_CLUSTER
45204741,G0958,IN_CLUSTER
44432198,G0004,IN_CLUSTER
45200445,G0022,IN_CLUSTER
45207129,G0825,IN_CLUSTER
45159337,G0542,IN_CLUSTER
44942764,G0151,IN_CLUSTER
45179386,G0027,IN_CLUSTER
44962461,G0016,IN_CLUSTER
45179428,G0757,IN_CLUSTER
45209348,G0813,IN_CLUSTER
45205140,G0840,IN_CLUSTER
45197605,G0025,IN_CLUSTER
45200941,G0256,IN_CLUSTER
45201401,G0502,IN_CLUSTER
45025943,G0386,IN_CLUSTER
45205934,G0545,IN_CLUSTER
45200912,G0417,IN_CLUSTER
45197820,G0361,IN_CLUSTER
45207858,G0350,IN_CLUSTER
45200970,G0156,IN_CLUSTER
45199676,G0796,IN_CLUSTER
44107340,G0947,IN_CLUSTER
44999155,G0178,IN_CLUSTER
45197229,G0842,IN_CLUSTER
45203351,G0828,IN_CLUSTER
45204306,G0148,IN_CLUSTER
45200887,G0442,IN_CLUSTER
45025394,G0468,IN_CLUSTER
45188564,G0269,IN_CLUSTER
45201686,G0057,IN_CLUSTER
45191977,G0719,IN_CLUSTER
45203340,G0936,IN_CLUSTER
44942519,G0730,IN_CLUSTER
44872082,G0482,IN_CLUSTER
45203396,G0722,IN_CLUSTER
45037137,G0575,IN_CLUSTER
45203198,G0719,IN_CLUSTER
45201332,G0076,IN_CLUSTER
45012028,G0785,IN_CLUSTER
45200102,G0381,IN_CLUSTER
45204282,G0528,IN_CLUSTER
45194838,G0434,IN_CLUSTER
44871770,G0529,IN_CLUSTER
45197452,G0434,IN_CLUSTER
45200834,G0659,IN_CLUSTER
45203152,G0721,IN_CLUSTER
45191353,G0001,IN_CLUSTER
44991295,G0751,IN_CLUSTER
44950030,G0890,IN_CLUSTER
45147655,G0482,IN_CLUSTER
44598029,G0057,IN_CLUSTER
45203517,G0084,IN_CLUSTER
45000100,G0708,IN_CLUSTER
45197594,G0702,IN_CLUSTER
44601914,G0064,IN_CLUSTER
45188438,G0320,IN_CLUSTER
45146196,G0388,IN_CLUSTER
43925266,G0656,IN_CLUSTER
44198865,G0686,IN_CLUSTER
44219885,G0353,IN_CLUSTER
43827731,G0674,IN_CLUSTER
44881605,G0611,IN_CLUSTER
40799444,G0670,IN_CLUSTER
44970677,G0546,IN_CLUSTER
44889916,G0493,IN_CLUSTER
44864665,G0695,IN_CLUSTER
45198077,G0656,IN_CLUSTER
45204682,G0758,IN_CLUSTER
44994985,G0493,IN_CLUSTER
44925710,G0568,IN_CLUSTER
44632687,G0648,IN_CLUSTER
45156404,G0611,IN_CLUSTER
45200939,G0656,IN_CLUSTER
44995126,G0545,IN_CLUSTER
43847525,G0603,IN_CLUSTER
45206256,G0758,IN_CLUSTER
45203024,G0758,IN_CLUSTER
44904377,G0521,IN_CLUSTER
43550205,G0656,IN_CLUSTER
44743191,G0826,IN_CLUSTER
44977592,G0778,IN_CLUSTER
43158878,G0098,IN_CLUSTER
44823332,G0519,IN_CLUSTER
45066544,G0716,IN_CLUSTER
45138082,G0623,IN_CLUSTER
44106841,G0798,IN_CLUSTER
45159419,G0805,IN_CLUSTER
44694701,G0359,IN_CLUSTER
44907913,G0545,IN_CLUSTER
45093795,G0482,IN_CLUSTER
45085394,G0572,IN_CLUSTER
45118395,G0587,IN_CLUSTER
44455775,G0843,IN_CLUSTER
45188014,G0602,IN_CLUSTER
45179449,G0982,IN_CLUSTER
44957948,G0440,IN_CLUSTER
45011206,G0710,IN_CLUSTER
44695109,G0440,IN_CLUSTER
45029669,G0384,IN_CLUSTER
44856748,G0082,IN_CLUSTER
42742297,G0082,IN_CLUSTER
44807468,G0201,IN_CLUSTER
45029240,G0151,IN_CLUSTER
45140831,G0876,IN_CLUSTER
44927947,G0890,IN_CLUSTER
45065182,G0759,IN_CLUSTER
44702970,G0222,IN_CLUSTER
44532561,G0582,IN_CLUSTER
45117695,G0849,IN_CLUSTER
44646251,G0359,IN_CLUSTER
44209474,G0967,IN_CLUSTER
39547835,G0562,IN_CLUSTER
44760660,G0269,IN_CLUSTER
44110260,G0331,IN_CLUSTER
44330887,G0977,IN_CLUSTER
45145693,G0960,IN_CLUSTER
45103011,G0162,IN_CLUSTER
44784446,G0254,IN_CLUSTER
44994501,G0990,IN_CLUSTER
40194916,G0520,IN_CLUSTER
44921476,G0563,IN_CLUSTER
45136396,G0943,IN_CLUSTER
44518664,G0281,IN_CLUSTER
45115035,G0749,IN_CLUSTER
44998978,G0064,IN_CLUSTER
44256277,G0265,IN_CLUSTER
44775602,G0064,IN_CLUSTER
44767653,G0072,IN_CLUSTER
44694604,G0164,IN_CLUSTER
45115514,G0794,IN_CLUSTER
44779505,G0066,IN_CLUSTER
44489969,G0496,IN_CLUSTER
45113570,G0133,IN_CLUSTER
44102522,G0520,IN_CLUSTER
44960320,G0816,IN_CLUSTER
45019731,G0860,IN_CLUSTER
44973308,G0846,IN_CLUSTER
45073001,G0896,IN_CLUSTER
44979748,G0826,IN_CLUSTER
44778893,G0257,IN_CLUSTER
44992923,G0353,IN_CLUSTER
44050057,G0322,IN_CLUSTER
44951818,G0293,IN_CLUSTER
44821275,G0106,IN_CLUSTER
44866587,G0064,IN_CLUSTER
44014133,G0064,IN_CLUSTER
44243862,G0982,IN_CLUSTER
43866971,G0060,IN_CLUSTER
45046256,G0139,IN_CLUSTER
45182464,G0700,IN_CLUSTER
45096436,G0870,IN_CLUSTER
44419144,G0183,IN_CLUSTER
45112027,G0060,IN_CLUSTER
44845891,G0064,IN_CLUSTER
44857952,G0060,IN_CLUSTER
44281973,G0194,IN_CLUSTER
45074461,G0452,IN_CLUSTER
45077279,G0915,IN_CLUSTER
44693153,G1022,IN_CLUSTER
45059816,G1002,IN_CLUSTER
44082194,G0910,IN_CLUSTER
45109123,G0224,IN_CLUSTER
45150820,G1026,IN_CLUSTER
44965051,G0699,IN_CLUSTER
44628735,G1035,IN_CLUSTER
44870124,G1021,IN_CLUSTER
45158225,G1039,IN_CLUSTER
45004726,G0495,IN_CLUSTER
44094490,G1069,IN_CLUSTER
43504875,G1069,IN_CLUSTER
43381561,G1069,IN_CLUSTER
45107518,G0130,IN_CLUSTER
45071051,G0117,IN_CLUSTER
45109871,G0308,IN_CLUSTER
45055037,G0650,IN_CLUSTER
44921021,G0293,IN_CLUSTER
44178154,G0092,IN_CLUSTER
44653498,G0260,IN_CLUSTER
44617350,G0482,IN_CLUSTER
45005189,G0514,IN_CLUSTER
44653135,G0043,IN_CLUSTER
45157561,G0893,IN_CLUSTER
44961717,G0802,IN_CLUSTER
44672339,G0107,IN_CLUSTER
44765040,G0025,IN_CLUSTER
45136321,G0920,IN_CLUSTER
45057883,G0029,IN_CLUSTER
44827272,G0259,IN_CLUSTER
44602658,G1001,IN_CLUSTER
45021961,G0139,IN_CLUSTER
44806114,G0072,IN_CLUSTER
45086761,G0602,IN_CLUSTER
42712261,G0232,IN_CLUSTER
44874356,G0474,IN_CLUSTER
45071789,G0072,IN_CLUSTER
45046712,G0497,IN_CLUSTER
45112663,G0234,IN_CLUSTER
45111527,G0186,IN_CLUSTER
44803935,G0297,IN_CLUSTER
44462542,G0258,IN_CLUSTER
45156885,G0979,IN_CLUSTER
45144385,G0889,IN_CLUSTER
45145097,G0895,IN_CLUSTER
45140813,G0888,IN_CLUSTER
43667101,G0359,IN_CLUSTER
44562367,G0768,IN_CLUSTER
44812838,G0515,IN_CLUSTER
45144414,G0931,IN_CLUSTER
45159379,G0682,IN_CLUSTER
44317577,G0899,IN_CLUSTER
45061258,G0389,IN_CLUSTER
45159535,G0510,IN_CLUSTER
45159692,G0534,IN_CLUSTER
43427039,G0046,IN_CLUSTER
44653985,G0815,IN_CLUSTER
44855742,G0708,IN_CLUSTER
44868116,G0784,IN_CLUSTER
44568685,G0528,IN_CLUSTER
45135598,G0520,IN_CLUSTER
45158443,G0306,IN_CLUSTER
45137755,G0329,IN_CLUSTER
45102649,G0112,IN_CLUSTER
45154603,G0265,IN_CLUSTER
45039538,G0725,IN_CLUSTER
44770103,G0788,IN_CLUSTER
44359327,G0779,IN_CLUSTER
43182533,G0005,IN_CLUSTER
45038422,G0884,IN_CLUSTER
41774490,G0072,IN_CLUSTER
44604790,G0448,IN_CLUSTER
45110527,G0816,IN_CLUSTER
45158919,G0755,IN_CLUSTER
44958631,G0811,IN_CLUSTER
44818037,G1015,IN_CLUSTER
45124350,G0866,IN_CLUSTER
41866409,G0087,IN_CLUSTER
43756245,G0360,IN_CLUSTER
44119225,G0072,IN_CLUSTER
43981506,G0516,IN_CLUSTER
43667257,G0428,IN_CLUSTER
44118622,G0060,IN_CLUSTER
45115150,G0441,IN_CLUSTER
43605274,G0060,IN_CLUSTER
44326394,G0060,IN_CLUSTER
44244300,G0689,IN_CLUSTER
45028627,G0119,IN_CLUSTER
45158901,G0925,IN_CLUSTER
45125647,G0321,IN_CLUSTER
44915785,G0433,IN_CLUSTER
44781986,G0952,IN_CLUSTER
44887471,G0582,IN_CLUSTER
44728156,G0476,IN_CLUSTER
43851729,G0743,IN_CLUSTER
44554823,G0602,IN_CLUSTER
44552530,G0057,IN_CLUSTER
43649617,G0457,IN_CLUSTER
44566005,G0411,IN_CLUSTER
44687019,G0578,IN_CLUSTER
44596754,G0696,IN_CLUSTER
45039093,G0386,IN_CLUSTER
45189623,G1057,IN_CLUSTER
45196467,G1021,IN_CLUSTER
44994010,G0794,IN_CLUSTER
44995391,G0461,IN_CLUSTER
45196514,G0390,IN_CLUSTER
44732398,G0665,IN_CLUSTER
43797312,G0428,IN_CLUSTER
43829084,G0375,IN_CLUSTER
44869986,G0878,IN_CLUSTER
44965534,G0002,IN_CLUSTER
45196346,G0115,IN_CLUSTER
45195564,G0359,IN_CLUSTER
44871072,G0341,IN_CLUSTER
44278606,G0538,IN_CLUSTER
45196132,G1038,IN_CLUSTER
45189133,G0152,IN_CLUSTER
44983989,G0822,IN_CLUSTER
45073172,G0260,IN_CLUSTER
45105953,G0101,IN_CLUSTER
45005291,G0860,IN_CLUSTER
45136621,G0839,IN_CLUSTER
45190029,G0848,IN_CLUSTER
45158736,G0397,IN_CLUSTER
45066800,G0821,IN_CLUSTER
44972736,G0742,IN_CLUSTER
45105755,G0785,IN_CLUSTER
45091598,G0145,IN_CLUSTER
45154503,G0470,IN_CLUSTER
45190126,G0215,IN_CLUSTER
43941044,G0561,IN_CLUSTER
44908022,G0375,IN_CLUSTER
44986327,G0257,IN_CLUSTER
44908020,G0359,IN_CLUSTER
44952217,G0252,IN_CLUSTER
44573847,G0740,IN_CLUSTER
45074986,G0629,IN_CLUSTER
43493098,G0706,IN_CLUSTER
45100155,G0843,IN_CLUSTER
44233647,G0050,IN_CLUSTER
45170269,G0127,IN_CLUSTER
44639724,G0957,IN_CLUSTER
44197096,G0051,IN_CLUSTER
45193148,G0206,IN_CLUSTER
45194695,G0434,IN_CLUSTER
42034419,G0051,IN_CLUSTER
45195095,G0541,IN_CLUSTER
45193938,G0310,IN_CLUSTER
44229900,G1052,IN_CLUSTER
44755959,G0997,IN_CLUSTER
44519047,G0770,IN_CLUSTER
45193147,G0099,IN_CLUSTER
45192813,G0675,IN_CLUSTER
44987007,G0389,IN_CLUSTER
45192745,G0720,IN_CLUSTER
44961499,G0871,IN_CLUSTER
45173672,G0072,IN_CLUSTER
44907969,G0571,IN_CLUSTER
45193895,G0826,IN_CLUSTER
44258163,G0479,IN_CLUSTER
44900702,G0555,IN_CLUSTER
44317266,G0495,IN_CLUSTER
44234748,G0617,IN_CLUSTER
45171095,G0352,IN_CLUSTER
44574462,G0841,IN_CLUSTER
44568568,G0499,IN_CLUSTER
44309039,G0060,IN_CLUSTER
45192150,G0548,IN_CLUSTER
43981188,G0463,IN_CLUSTER
44396824,G0771,IN_CLUSTER
44510328,G0602,IN_CLUSTER
44357586,G0163,IN_CLUSTER
43257879,G0398,IN_CLUSTER
44903568,G0281,IN_CLUSTER
45182658,G1062,IN_CLUSTER
45190121,G0272,IN_CLUSTER
44970216,G0386,IN_CLUSTER
45189972,G0413,IN_CLUSTER
45190095,G0838,IN_CLUSTER
45005046,G0215,IN_CLUSTER
43248160,G0119,IN_CLUSTER
44040604,G0060,IN_CLUSTER
44974689,G0072,IN_CLUSTER
45189879,G0005,IN_CLUSTER
45190196,G0552,IN_CLUSTER
44962221,G0412,IN_CLUSTER
44582359,G0072,IN_CLUSTER
45187396,G0565,IN_CLUSTER
45189306,G0701,IN_CLUSTER
45027581,G0130,IN_CLUSTER
44657233,G0016,IN_CLUSTER
45085955,G0783,IN_CLUSTER
44275170,G0091,IN_CLUSTER
44741333,G0080,IN_CLUSTER
44895602,G0158,IN_CLUSTER
43864867,G0091,IN_CLUSTER
44891235,G0079,IN_CLUSTER
44855408,G0952,IN_CLUSTER
44748663,G0953,IN_CLUSTER
43993246,G0119,IN_CLUSTER
44911250,G0119,IN_CLUSTER
42962075,G0194,IN_CLUSTER
42647679,G0060,IN_CLUSTER
45035264,G0761,IN_CLUSTER
44581794,G0665,IN_CLUSTER
44809050,G0514,IN_CLUSTER
44809962,G0524,IN_CLUSTER
44626301,G0305,IN_CLUSTER
44237400,G0779,IN_CLUSTER
44482212,G0628,IN_CLUSTER
44437333,G1017,IN_CLUSTER
45113592,G0656,IN_CLUSTER
45114950,G0520,IN_CLUSTER
45175797,G0795,IN_CLUSTER
45066515,G0860,IN_CLUSTER
44296343,G0847,IN_CLUSTER
44635046,G0863,IN_CLUSTER
45042578,G0737,IN_CLUSTER
45147884,G0958,IN_CLUSTER
44962765,G0059,IN_CLUSTER
45182940,G1006,IN_CLUSTER
45177634,G0965,IN_CLUSTER
45185315,G0976,IN_CLUSTER
45180546,G0947,IN_CLUSTER
43486829,G0783,IN_CLUSTER
44356263,G0173,IN_CLUSTER
45064811,G1069,IN_CLUSTER
44407762,G0675,IN_CLUSTER
44804938,G0813,IN_CLUSTER
44761704,G0166,IN_CLUSTER
45134738,G0518,IN_CLUSTER
45028711,G0679,IN_CLUSTER
44718891,G0060,IN_CLUSTER
45187744,G0457,IN_CLUSTER
44530689,G0083,IN_CLUSTER
42847003,G0445,IN_CLUSTER
44795201,G0350,IN_CLUSTER
44723798,G0506,IN_CLUSTER
43859732,G0515,IN_CLUSTER
44542530,G0492,IN_CLUSTER
44202556,G0624,IN_CLUSTER
44609746,G0590,IN_CLUSTER
42255314,G0355,IN_CLUSTER
43869611,G0883,IN_CLUSTER
45175540,G0041,IN_CLUSTER
44984666,G0514,IN_CLUSTER
44809525,G0826,IN_CLUSTER
44738155,G0985,IN_CLUSTER
43644920,G0786,IN_CLUSTER
45184928,G0387,IN_CLUSTER
44910730,G0847,IN_CLUSTER
44836443,G0364,IN_CLUSTER
43553145,G0603,IN_CLUSTER
45147617,G0943,IN_CLUSTER
45137642,G0350,IN_CLUSTER
44189753,G1046,IN_CLUSTER
44823146,G0257,IN_CLUSTER
45082646,G0059,IN_CLUSTER
45095398,G0656,IN_CLUSTER
45125181,G0457,IN_CLUSTER
44623266,G0457,IN_CLUSTER
45098440,G0857,IN_CLUSTER
44874488,G0529,IN_CLUSTER
44440279,G0901,IN_CLUSTER
44882777,G0257,IN_CLUSTER
44984622,G0283,IN_CLUSTER
44986630,G0365,IN_CLUSTER
44363864,G0719,IN_CLUSTER
44625052,G0207,IN_CLUSTER
44668486,G0297,IN_CLUSTER
43103719,G0483,IN_CLUSTER
44448048,G0993,IN_CLUSTER
43535889,G0719,IN_CLUSTER
45186326,G0721,IN_CLUSTER
44667920,G0259,IN_CLUSTER
44667824,G0251,IN_CLUSTER
44461404,G0248,IN_CLUSTER
44989845,G0536,IN_CLUSTER
45186080,G1010,IN_CLUSTER
44464695,G0340,IN_CLUSTER
45184677,G0424,IN_CLUSTER
44983045,G0533,IN_CLUSTER
45186485,G0944,IN_CLUSTER
45186794,G0295,IN_CLUSTER
44668223,G0278,IN_CLUSTER
44130060,G0305,IN_CLUSTER
45183885,G0584,IN_CLUSTER
44461338,G0296,IN_CLUSTER
44755723,G0635,IN_CLUSTER
45186281,G0395,IN_CLUSTER
45186061,G0310,IN_CLUSTER
45186265,G0295,IN_CLUSTER
44973206,G0209,IN_CLUSTER
44615797,G0285,IN_CLUSTER
45186361,G0420,IN_CLUSTER
45186062,G0020,IN_CLUSTER
45185949,G0310,IN_CLUSTER
43873485,G0347,IN_CLUSTER
45185441,G0439,IN_CLUSTER
45184357,G1051,IN_CLUSTER
45184337,G0027,IN_CLUSTER
44998106,G0988,IN_CLUSTER
42491572,G0991,IN_CLUSTER
45182579,G0436,IN_CLUSTER
44390177,G0554,IN_CLUSTER
45182521,G0395,IN_CLUSTER
45182855,G0915,IN_CLUSTER
45183579,G0310,IN_CLUSTER
44900791,G0323,IN_CLUSTER
45183862,G0476,IN_CLUSTER
44928768,G0583,IN_CLUSTER
44477523,G0721,IN_CLUSTER
45182692,G0778,IN_CLUSTER
44991259,G0656,IN_CLUSTER
44738732,G0748,IN_CLUSTER
42171811,G0003,IN_CLUSTER
44649013,G0787,IN_CLUSTER
40741946,G0060,IN_CLUSTER
45140241,G0827,IN_CLUSTER
44606125,G1001,IN_CLUSTER
45119799,G0953,IN_CLUSTER
43685879,G0072,IN_CLUSTER
40950675,G0064,IN_CLUSTER
45155702,G0064,IN_CLUSTER
44127342,G0060,IN_CLUSTER
44001072,G0072,IN_CLUSTER
45095841,G0818,IN_CLUSTER
44869367,G0702,IN_CLUSTER
44875078,G0051,IN_CLUSTER
45059133,G0021,IN_CLUSTER
45062732,G0025,IN_CLUSTER
45177307,G0937,IN_CLUSTER
45178705,G0922,IN_CLUSTER
45180426,G0928,IN_CLUSTER
44893724,G0677,IN_CLUSTER
44900300,G0407,IN_CLUSTER
44892290,G0583,IN_CLUSTER
44821696,G0681,IN_CLUSTER
44813625,G0695,IN_CLUSTER
45080276,G0708,IN_CLUSTER
45075311,G0215,IN_CLUSTER
44652093,G0953,IN_CLUSTER
44419047,G0064,IN_CLUSTER
44872978,G0844,IN_CLUSTER
44000659,G0060,IN_CLUSTER
45090864,G0321,IN_CLUSTER
44810058,G0843,IN_CLUSTER
43286721,G0072,IN_CLUSTER
44870565,G0289,IN_CLUSTER
44838169,G0305,IN_CLUSTER
45092572,G0389,IN_CLUSTER
45109389,G0178,IN_CLUSTER
45109943,G0146,IN_CLUSTER
45019432,G0255,IN_CLUSTER
44364238,G1015,IN_CLUSTER
45108028,G0037,IN_CLUSTER
45113170,G0184,IN_CLUSTER
45026350,G0440,IN_CLUSTER
45175377,G0605,IN_CLUSTER
45151537,G0995,IN_CLUSTER
45131288,G1015,IN_CLUSTER
44269504,G0916,IN_CLUSTER
45143221,G0079,IN_CLUSTER
45127299,G0971,IN_CLUSTER
45181467,G0348,IN_CLUSTER
44561082,G0636,IN_CLUSTER
45150652,G0971,IN_CLUSTER
45181336,G0464,IN_CLUSTER
45181392,G0120,IN_CLUSTER
41010971,G0087,IN_CLUSTER
45025536,G0941,IN_CLUSTER
45135481,G0528,IN_CLUSTER
45144292,G0120,IN_CLUSTER
45181375,G0272,IN_CLUSTER
44454746,G0605,IN_CLUSTER
45103339,G0190,IN_CLUSTER
45180487,G0779,IN_CLUSTER
45180731,G0061,IN_CLUSTER
45180898,G0794,IN_CLUSTER
45091266,G0973,IN_CLUSTER
43371877,G0411,IN_CLUSTER
39124630,G0685,IN_CLUSTER
45178501,G0619,IN_CLUSTER
45178659,G0222,IN_CLUSTER
45179743,G0927,IN_CLUSTER
45175447,G0188,IN_CLUSTER
45179131,G0177,IN_CLUSTER
45178730,G0298,IN_CLUSTER
45178962,G0759,IN_CLUSTER
44956282,G0892,IN_CLUSTER
45177946,G0371,IN_CLUSTER
44952298,G0293,IN_CLUSTER
45177579,G0814,IN_CLUSTER
45151240,G0443,IN_CLUSTER
45177740,G0359,IN_CLUSTER
45082255,G0776,IN_CLUSTER
43849808,G0051,IN_CLUSTER
45012434,G0323,IN_CLUSTER
45079310,G0483,IN_CLUSTER
45124353,G0538,IN_CLUSTER
45037091,G0528,IN_CLUSTER
45136082,G0533,IN_CLUSTER
45094154,G0577,IN_CLUSTER
45146343,G0681,IN_CLUSTER
45148583,G0686,IN_CLUSTER
45075027,G0630,IN_CLUSTER
44616457,G0903,IN_CLUSTER
45125907,G0607,IN_CLUSTER
45117378,G0846,IN_CLUSTER
45054515,G0942,IN_CLUSTER
45048044,G0321,IN_CLUSTER
45116634,G0839,IN_CLUSTER
45116827,G0871,IN_CLUSTER
44816274,G0981,IN_CLUSTER
44888323,G0681,IN_CLUSTER
45071879,G0983,IN_CLUSTER
45116925,G0860,IN_CLUSTER
45082489,G0387,IN_CLUSTER
45129450,G0981,IN_CLUSTER
45104177,G0513,IN_CLUSTER
44155473,G0677,IN_CLUSTER
45091675,G0998,IN_CLUSTER
45067446,G0659,IN_CLUSTER
45129561,G0981,IN_CLUSTER
45116396,G0115,IN_CLUSTER
45106450,G0768,IN_CLUSTER
44604328,G0285,IN_CLUSTER
45138226,G0560,IN_CLUSTER
44636947,G0952,IN_CLUSTER
44915233,G0935,IN_CLUSTER
45132220,G0533,IN_CLUSTER
44875460,G0580,IN_CLUSTER
42818522,G1031,IN_CLUSTER
44816803,G0895,IN_CLUSTER
44610935,G0615,IN_CLUSTER
44737883,G0072,IN_CLUSTER
44119364,G0072,IN_CLUSTER
43406083,G1069,IN_CLUSTER
45177146,G0379,IN_CLUSTER
45156160,G0339,IN_CLUSTER
44134283,G0079,IN_CLUSTER
45176664__2,G1011,IN_CLUSTER
45004368,G0025,IN_CLUSTER
45099707,G0660,IN_CLUSTER
45172641,G0319,IN_CLUSTER
44166950,G0757,IN_CLUSTER
45170988,G0950,IN_CLUSTER
44881114,G0057,IN_CLUSTER
45175383,G0880,IN_CLUSTER
45174816,G0785,IN_CLUSTER
45172574,G0478,IN_CLUSTER
44141551,G0334,IN_CLUSTER
43478475,G0393,IN_CLUSTER
44751866,G0005,IN_CLUSTER
44775919,G0002,IN_CLUSTER
43797911,G0665,IN_CLUSTER
40032422,G0669,IN_CLUSTER
44141025,G0393,IN_CLUSTER
43410630,G0675,IN_CLUSTER
44752707,G0005,IN_CLUSTER
44757276,G0656,IN_CLUSTER
45173915,G0545,IN_CLUSTER
44817009,G0260,IN_CLUSTER
44057200,G0091,IN_CLUSTER
45039355,G0281,IN_CLUSTER
45173410,G0794,IN_CLUSTER
44565872,G0254,IN_CLUSTER
45173450,G0052,IN_CLUSTER
45086865,G0348,IN_CLUSTER
44767648,G0682,IN_CLUSTER
44092867,G0597,IN_CLUSTER
44829678,G0843,IN_CLUSTER
44995325,G0280,IN_CLUSTER
44177616,G0798,IN_CLUSTER
45172315,G0523,IN_CLUSTER
44629864,G0843,IN_CLUSTER
39261101,G1016,IN_CLUSTER
44995198,G1039,IN_CLUSTER
45150585,G0932,IN_CLUSTER
44332350,G0675,IN_CLUSTER
44532610,G0064,IN_CLUSTER
44437604,G0088,IN_CLUSTER
45143212,G0119,IN_CLUSTER
44448882,G0059,IN_CLUSTER
44912815,G0393,IN_CLUSTER
45170744,G0832,IN_CLUSTER
45161751,G0014,IN_CLUSTER
44823226,G0340,IN_CLUSTER
44851752,G0499,IN_CLUSTER
44851876,G0472,IN_CLUSTER
43600575,G0297,IN_CLUSTER
43684090,G0269,IN_CLUSTER
45046985,G0833,IN_CLUSTER
44274637,G0525,IN_CLUSTER
45116282,G0715,IN_CLUSTER
44405523,G1029,IN_CLUSTER
45125863,G0541,IN_CLUSTER
45037120,G0583,IN_CLUSTER
45104974,G0662,IN_CLUSTER
45149886,G0389,IN_CLUSTER
44886466,G0587,IN_CLUSTER
45024829,G0690,IN_CLUSTER
44851825,G0472,IN_CLUSTER
44825353,G0528,IN_CLUSTER
45064603,G0467,IN_CLUSTER
44139929,G0929,IN_CLUSTER
45097549,G0418,IN_CLUSTER
45002768,G0455,IN_CLUSTER
44026617,G0779,IN_CLUSTER
44351096,G0761,IN_CLUSTER
44200150,G0757,IN_CLUSTER
45143537,G0722,IN_CLUSTER
45082887,G0758,IN_CLUSTER
44800993,G0816,IN_CLUSTER
45085252,G0860,IN_CLUSTER
44847215,G0524,IN_CLUSTER
44714219,G0968,IN_CLUSTER
44886937,G0376,IN_CLUSTER
44594004,G0675,IN_CLUSTER
45114247,G0253,IN_CLUSTER
44125552,G0253,IN_CLUSTER
44940548,G0181,IN_CLUSTER
45089787,G1001,IN_CLUSTER
45144119,G0826,IN_CLUSTER
45105664,G0020,IN_CLUSTER
45099245,G0027,IN_CLUSTER
44854473,G0992,IN_CLUSTER
44963403,G0072,IN_CLUSTER
41401027,G0747,IN_CLUSTER
44969990,G0072,IN_CLUSTER
44259861,G0257,IN_CLUSTER
44052997,G0293,IN_CLUSTER
45071993,G0246,IN_CLUSTER
44039083,G0254,IN_CLUSTER
44817676,G0252,IN_CLUSTER
45006538,G0008,IN_CLUSTER
45039846,G0021,IN_CLUSTER
44701389,G0553,IN_CLUSTER
45138940,G0656,IN_CLUSTER
45139191,G0524,IN_CLUSTER
45138992,G0675,IN_CLUSTER
45138973,G0675,IN_CLUSTER
45148981,G0656,IN_CLUSTER
44767620,G0677,IN_CLUSTER
45148958,G0655,IN_CLUSTER
45150945,G0708,IN_CLUSTER
45139127,G0681,IN_CLUSTER
45111637,G0123,IN_CLUSTER
45116577,G0106,IN_CLUSTER
45084065,G0196,IN_CLUSTER
45131161,G0319,IN_CLUSTER
44903222,G0680,IN_CLUSTER
45140183,G0413,IN_CLUSTER
45133173,G0545,IN_CLUSTER
45133258,G0545,IN_CLUSTER
45054822,G0502,IN_CLUSTER
45039532,G0599,IN_CLUSTER
45053777,G0596,IN_CLUSTER
44484378,G0843,IN_CLUSTER
45135583,G0518,IN_CLUSTER
44873591,G1056,IN_CLUSTER
43239757,G0652,IN_CLUSTER
44004519,G0068,IN_CLUSTER
44661735,G0181,IN_CLUSTER
44756781,G0285,IN_CLUSTER
45042767,G0083,IN_CLUSTER
45025299,G0520,IN_CLUSTER
45072202,G0514,IN_CLUSTER
45079987,G0520,IN_CLUSTER
44743197,G0123,IN_CLUSTER
45004615,G0869,IN_CLUSTER
44864723,G0291,IN_CLUSTER
44826885,G0833,IN_CLUSTER
44187433,G0084,IN_CLUSTER
45058561,G1053,IN_CLUSTER
44980619,G1054,IN_CLUSTER
45142009,G0235,IN_CLUSTER
44991650,G0561,IN_CLUSTER
43469217,G0002,IN_CLUSTER
44120081,G0758,IN_CLUSTER
44210067,G0758,IN_CLUSTER
44570461,G1030,IN_CLUSTER
45151403,G0312,IN_CLUSTER
44886432,G0182,IN_CLUSTER
44638795,G0457,IN_CLUSTER
45144854,G0482,IN_CLUSTER
44810236,G0677,IN_CLUSTER
42981800,G0557,IN_CLUSTER
44843831,G0645,IN_CLUSTER
44594476,G0074,IN_CLUSTER
44555827,G0101,IN_CLUSTER
44873106,G0861,IN_CLUSTER
