user_id,segment,primary_intent,created_at,updated_at,preferred_districts,property_type,liked_amenities,min_bedrooms,budget_min,budget_max,age_group,age_group_conf,marital_status,marital_conf,children,children_conf,income_level,income_conf,persona
usr_1000,affordable,buy_for_living,2025-12-05T21:42:46Z,2025-12-13T07:25:15Z,Phường Tân Định,Nhà đất,near_school:1.0|kids_playground:0.62,2,2.0,2.4,,0.0,,0.0,,0.0,,0.0,
usr_1001,affordable,buy_for_living,2025-12-25T16:15:03Z,2026-01-23T15:56:25Z,Phường Tân Hưng|Phường Tăng Nhơn Phú|Phường Đức Nhuận,Nhà đất|Căn hộ,near_school:1.0|kids_playground:0.62,2,1.9,2.4,,0.0,,0.0,2.0,0.74,medium_high,0.85,
usr_1002,affordable,investment,2025-12-07T00:19:11Z,2025-12-18T09:01:03Z,Phường Bình Thạnh|Phường Chánh Hưng|Phường Long Bình,Nhà đất,near_school:1.0|kids_playground:0.56|park:0.65,2,1.9,3.0,,0.0,married,0.59,2.0,0.91,,0.0,
usr_1003,mid_range,buy_for_living,2025-12-17T00:15:17Z,2026-01-09T15:43:42Z,Phường Phú Định|Phường An Khánh,Nhà đất,near_bus:1.0|gym:0.64,1,3.3,5.6,50+,0.83,,0.0,,0.0,,0.0,
usr_1004,affordable,buy_for_living,2025-12-12T08:54:40Z,2025-12-14T14:33:41Z,Phường Bình Thạnh|Phường Tân Thuận|Phường Xuân Hòa,Căn hộ,near_bus:1.0|sports_court:0.62,1,1.6,2.4,30-40,0.55,married,0.85,0.0,0.92,,0.0,
usr_1005,affordable,buy_for_living,2025-12-21T19:59:11Z,2026-01-01T15:37:02Z,Phường Tân Thuận|Phường Long Bình,Nhà đất,parking:1.0|near_bus:0.43,1,1.4,2.8,30-40,0.78,,0.0,,0.0,,0.0,
usr_1006,mid_range,investment,2025-12-12T05:27:50Z,2025-12-22T03:00:04Z,Phường Phú Thọ Hòa,Nhà đất|Căn hộ,near_school:1.0|kids_playground:0.69|park:0.53|near_hospital:0.61,2,5.4,7.8,,0.0,married,0.94,,0.0,,0.0,
usr_1007,mid_range,buy_for_living,2025-12-21T06:19:52Z,2026-01-19T20:30:39Z,Phường Phú Thuận,Căn hộ,near_school:1.0|kids_playground:0.59,2,3.6,7.9,20-30,0.79,,0.0,,0.0,medium,0.52,
usr_1008,affordable,buy_for_living,2025-12-16T19:08:07Z,2025-12-26T07:55:04Z,Xã Nhà Bè,Nhà đất|Căn hộ,near_school:1.0|kids_playground:0.56|park:0.4|near_hospital:0.58,2,1.4,2.7,40-50,0.69,married,0.71,1.0,0.82,,0.0,
usr_1009,affordable,buy_for_living,2025-12-12T11:09:19Z,2025-12-19T14:58:26Z,Phường Bảy Hiền|Phường Phú Thuận,Nhà đất,near_school:1.0|kids_playground:0.64|park:0.52|near_hospital:0.35,2,1.3,3.0,,0.0,,0.0,,0.0,,0.0,
usr_1010,mid_range,rent,2025-12-20T09:05:03Z,2026-01-11T09:58:35Z,Phường Đông Hưng Thuận,Nhà đất|Căn hộ,parking:1.0|near_metro:0.62,1,3.4,6.7,40-50,0.81,,0.0,0.0,0.68,,0.0,
usr_1011,luxury,rent,2025-12-16T05:15:55Z,2026-01-09T22:40:41Z,Phường Long Bình|Phường Cát Lái|Phường Tân Hưng,Nhà đất|Căn hộ,near_school:1.0|kids_playground:0.65|park:0.63,3,10.7,24.4,,0.0,,0.0,3.0,0.59,,0.0,
usr_1012,mid_range,rent,2025-12-01T08:49:27Z,2025-12-23T04:30:40Z,Phường Tân Định|Phường Tân Thuận|Phường Phú Thuận,Nhà đất|Căn hộ,near_school:1.0|kids_playground:0.58|park:0.53|near_hospital:0.68,2,4.7,7.6,,0.0,married,0.65,,0.0,medium_high,0.62,
usr_1013,luxury,rent,2025-12-07T01:44:15Z,2025-12-09T02:23:19Z,Phường Long Bình|Phường Đông Hòa|Phường Tăng Nhơn Phú,Nhà đất|Căn hộ,gym:1.0|near_metro:0.58,2,13.8,28.0,,0.0,,0.0,,0.0,,0.0,
usr_1014,luxury,buy_for_living,2025-12-09T03:30:33Z,2025-12-14T07:30:01Z,Xã Nhà Bè|Phường Bình Lợi Trung,Căn hộ|Nhà đất,near_school:1.0|kids_playground:0.68|park:0.6,2,15.0,22.9,,0.0,,0.0,,0.0,medium,0.87,
usr_1015,mid_range,investment,2025-12-03T04:57:18Z,2025-12-23T14:38:11Z,Phường Xuân Hòa|Phường Nhiêu Lộc|Phường Vũng Tàu,Nhà đất|Căn hộ,near_school:1.0|kids_playground:0.31|park:0.61|near_hospital:0.3,2,3.4,7.6,30-40,0.69,,0.0,,0.0,medium,0.67,
usr_1016,mid_range,buy_for_living,2025-12-12T18:19:03Z,2026-01-01T12:17:20Z,Xã Nhà Bè|Phường Dĩ An,Căn hộ,sports_court:1.0|elevator:0.33,2,4.1,5.7,,0.0,single,0.85,,0.0,medium_high,0.51,
usr_1017,affordable,buy_for_living,2025-12-23T18:39:45Z,2026-01-01T09:14:30Z,Phường Hiệp Bình|Phường Bến Thành,Nhà đất|Căn hộ,near_metro:1.0|sports_court:0.65,1,1.9,2.3,,0.0,single,0.8,0.0,0.66,,0.0,
usr_1018,affordable,buy_for_living,2025-12-01T09:43:57Z,2025-12-06T17:19:29Z,Phường Tân Định|Phường Long Phước,Nhà đất,sports_court:1.0|near_metro:0.65,2,2.1,2.2,50+,0.72,married,0.76,,0.0,,0.0,
usr_1019,affordable,buy_for_living,2025-12-11T20:52:41Z,2025-12-31T18:43:24Z,Phường Bình Trị Đông,Nhà đất|Căn hộ,near_school:1.0|kids_playground:0.32,2,1.6,2.2,20-30,0.57,married,0.76,2.0,0.64,,0.0,
usr_1020,mid_range,buy_for_living,2025-12-04T13:01:47Z,2026-01-03T00:27:17Z,Phường Long Bình,Nhà đất,near_bus:1.0|sports_court:0.61,2,4.6,8.0,20-30,0.75,,0.0,,0.0,,0.0,
usr_1021,affordable,buy_for_living,2025-12-03T13:55:47Z,2025-12-17T05:26:48Z,Phường An Hội Tây|Phường Cầu Kiệu,Nhà đất|Căn hộ,near_metro:1.0|elevator:0.46,2,1.4,2.6,,0.0,single,0.55,,0.0,,0.0,
usr_1022,affordable,rent,2025-12-15T21:09:19Z,2025-12-30T02:51:02Z,Phường Hòa Hưng|Xã Hiệp Phước,Nhà đất,sports_court:1.0|near_metro:0.33,2,1.4,2.7,,0.0,single,0.77,,0.0,,0.0,
usr_1023,affordable,rent,2025-12-17T09:40:29Z,2025-12-20T21:24:07Z,Phường Tân Sơn Hòa|Phường Tân Sơn,Nhà đất,near_school:1.0|kids_playground:0.35|park:0.63,3,2.0,2.5,40-50,0.62,married,0.84,,0.0,medium_high,0.54,
usr_1024,affordable,investment,2025-12-12T13:46:56Z,2026-01-01T03:10:38Z,Phường An Lạc,Nhà đất|Căn hộ,near_mall:1.0|near_market:0.69|security_24h:0.47|parking:0.36,1,1.2,2.1,,0.0,married,0.53,0.0,0.67,medium,0.83,
usr_1025,affordable,investment,2025-12-12T21:57:16Z,2026-01-02T15:21:04Z,Phường Hòa Hưng|Phường Thông Tây Hội|Xã Hiệp Phước,Nhà đất|Căn hộ,near_school:1.0|kids_playground:0.57|park:0.4,2,2.1,2.9,,0.0,married,0.55,2.0,0.63,,0.0,
usr_1026,affordable,buy_for_living,2025-12-14T10:57:39Z,2026-01-11T22:50:34Z,Phường Thủ Đức|Phường Diên Hồng|Phường Bình Trưng,Nhà đất,elevator:1.0|near_bus:0.4,1,1.5,2.6,30-40,0.91,,0.0,,0.0,,0.0,
usr_1027,affordable,rent,2025-12-16T01:29:31Z,2025-12-28T02:23:05Z,Phường Dĩ An,Nhà đất,near_metro:1.0|parking:0.44,1,2.0,2.6,30-40,0.65,,0.0,,0.0,,0.0,
usr_1028,mid_range,rent,2025-12-05T08:37:54Z,2025-12-13T18:41:40Z,Phường Tam Thắng|Phường Đức Nhuận,Nhà đất,near_school:1.0|kids_playground:0.63,2,5.2,7.1,,0.0,,0.0,,0.0,medium_high,0.53,
usr_1029,luxury,investment,2025-12-20T06:06:09Z,2025-12-31T16:29:21Z,Phường An Phú Đông|Phường Thạnh Mỹ Tây|Phường Khánh Hội,Nhà đất|Căn hộ,near_school:1.0|kids_playground:0.55,2,16.3,25.9,20-30,0.73,married,0.6,,0.0,,0.0,
usr_1030,mid_range,buy_for_living,2025-12-02T01:12:08Z,2025-12-24T23:02:20Z,Xã Tân Nhựt,Căn hộ|Nhà đất,pool:1.0|gym:0.64,2,3.9,7.8,40-50,0.65,,0.0,0.0,0.94,,0.0,
usr_1031,mid_range,buy_for_living,2025-12-25T08:18:12Z,2025-12-31T16:59:32Z,Phường An Khánh|Phường An Phú Đông,Nhà đất|Căn hộ,near_school:1.0|kids_playground:0.43,2,5.0,6.8,30-40,0.68,,0.0,,0.0,,0.0,
usr_1032,mid_range,buy_for_living,2025-12-23T14:15:33Z,2026-01-06T01:47:01Z,Phường Tân Thuận|Phường Phú Thuận,Căn hộ,near_bus:1.0|gym:0.54,1,4.1,6.8,,0.0,single,0.93,,0.0,medium_high,0.75,
usr_1033,mid_range,buy_for_living,2025-12-19T14:34:15Z,2025-12-28T00:55:24Z,Phường Bình Thới|Phường Diên Hồng,Nhà đất|Căn hộ,near_school:1.0|kids_playground:0.38|park:0.65,2,3.6,7.1,30-40,0.6,married,0.95,,0.0,,0.0,
usr_1034,luxury,buy_for_living,2025-12-19T02:04:16Z,2025-12-25T03:44:17Z,Phường An Khánh,Nhà đất,near_school:1.0|kids_playground:0.69|park:0.68|near_hospital:0.34,2,15.0,21.4,30-40,0.83,married,0.74,,0.0,,0.0,
usr_1035,mid_range,rent,2025-12-22T10:39:23Z,2025-12-30T00:51:27Z,Phường Bình Trị Đông,Nhà đất,near_school:1.0|kids_playground:0.47|park:0.54,3,3.6,6.3,,0.0,married,0.71,3.0,0.83,medium_high,0.84,
usr_1036,mid_range,buy_for_living,2025-12-23T22:40:31Z,2025-12-31T12:34:15Z,Phường Đông Hưng Thuận|Phường Cát Lái|Phường An Hội Tây,Căn hộ,near_school:1.0|kids_playground:0.31,2,3.7,7.5,20-30,0.69,,0.0,1.0,0.8,,0.0,
usr_1037,affordable,buy_for_living,2025-12-19T12:08:06Z,2026-01-17T21:13:01Z,Xã Hồ Tràm|Phường Bình Trị Đông,Nhà đất|Căn hộ,parking:1.0|near_metro:0.54,2,1.2,2.2,,0.0,single,0.55,0.0,0.92,,0.0,
usr_1038,affordable,rent,2025-12-13T22:49:55Z,2025-12-17T12:38:49Z,Phường Nhiêu Lộc|Phường Tăng Nhơn Phú,Căn hộ,near_school:1.0|kids_playground:0.36|park:0.45|near_hospital:0.57,2,1.7,2.5,30-40,0.78,,0.0,1.0,0.66,,0.0,
usr_1039,mid_range,rent,2025-12-04T04:52:20Z,2025-12-13T05:27:22Z,Phường Phú Thuận|Xã Nhà Bè,Nhà đất|Căn hộ,near_school:1.0|kids_playground:0.36|park:0.46,2,3.4,6.7,,0.0,married,0.79,,0.0,,0.0,
usr_1040,affordable,investment,2025-12-02T03:29:45Z,2025-12-22T20:52:06Z,Phường Khánh Hội,Nhà đất,near_school:1.0|kids_playground:0.62|park:0.62,2,1.8,2.5,,0.0,married,0.73,,0.0,medium_high,0.74,
usr_1041,mid_range,investment,2025-12-18T17:03:44Z,2025-12-29T15:04:27Z,Phường Cầu Kiệu,Nhà đất,near_school:1.0|kids_playground:0.49|park:0.57,2,4.5,6.6,,0.0,,0.0,,0.0,,0.0,
usr_1042,affordable,rent,2025-12-24T14:50:03Z,2026-01-07T04:50:11Z,Phường Bình Thạnh,Căn hộ,near_school:1.0|kids_playground:0.7,2,1.5,2.2,,0.0,married,0.64,2.0,0.79,,0.0,
usr_1043,luxury,rent,2025-12-14T07:10:41Z,2026-01-02T22:11:50Z,Phường Bình Trị Đông,Nhà đất|Căn hộ,gym:1.0|sports_court:0.5,1,17.3,25.1,,0.0,,0.0,,0.0,,0.0,
usr_1044,affordable,buy_for_living,2025-12-02T06:22:18Z,2025-12-14T01:52:56Z,Phường An Khánh,Nhà đất|Căn hộ,near_bus:1.0|elevator:0.33,2,1.5,2.3,,0.0,single,0.72,0.0,0.62,medium_high,0.79,
usr_1045,affordable,buy_for_living,2025-12-07T04:29:02Z,2026-01-04T15:46:39Z,Phường Phú Thọ Hòa|Phường Thông Tây Hội|Phường Tăng Nhơn Phú,Căn hộ,near_school:1.0|kids_playground:0.7|park:0.32|near_hospital:0.48,3,1.9,3.0,,0.0,married,0.79,,0.0,,0.0,
usr_1046,affordable,buy_for_living,2025-12-16T22:51:57Z,2025-12-25T07:42:49Z,Phường Bình Trị Đông|Phường Phú Thuận,Nhà đất,near_school:1.0|kids_playground:0.46|park:0.31|near_hospital:0.34,2,1.8,2.5,,0.0,married,0.55,,0.0,medium_high,0.83,
usr_1047,affordable,buy_for_living,2025-12-22T21:40:51Z,2025-12-30T18:12:15Z,Phường Phú Nhuận,Căn hộ,elevator:1.0|near_metro:0.69,1,1.4,2.5,50+,0.65,single,0.88,,0.0,medium_high,0.66,
usr_1048,affordable,buy_for_living,2025-12-10T08:12:02Z,2025-12-29T17:13:17Z,Phường Tân Hưng|Phường Bình Tân|Phường Vĩnh Hội,Căn hộ,near_school:1.0|kids_playground:0.61,2,1.7,2.1,,0.0,,0.0,2.0,0.82,,0.0,
usr_1049,affordable,investment,2025-12-12T18:17:01Z,2025-12-17T20:01:06Z,Phường Phú Thạnh|Phường An Hội Tây|Phường Bình Thạnh,Nhà đất|Căn hộ,near_school:1.0|kids_playground:0.35|park:0.38,2,1.5,2.2,,0.0,,0.0,1.0,0.8,,0.0,
usr_1050,affordable,investment,2025-12-13T18:35:50Z,2025-12-18T19:33:36Z,Phường Bình Trưng|Phường Bàn Cờ,Căn hộ|Nhà đất,near_school:1.0|kids_playground:0.4|park:0.58,3,1.3,3.0,20-30,0.75,married,0.91,,0.0,medium_high,0.79,
usr_1051,luxury,investment,2025-12-20T07:21:21Z,2025-12-24T23:48:49Z,Phường Hiệp Bình|Phường Bảy Hiền,Căn hộ,near_mall:1.0|near_market:0.67|security_24h:0.36|elevator:0.41,2,10.8,25.3,,0.0,,0.0,0.0,0.91,medium_high,0.53,
usr_1052,affordable,buy_for_living,2025-12-20T20:04:06Z,2025-12-30T09:24:21Z,Phường Phú Định|Phường An Hội Đông,Căn hộ,near_school:1.0|kids_playground:0.38,2,1.9,2.3,50+,0.53,,0.0,2.0,0.51,,0.0,
usr_1053,mid_range,buy_for_living,2025-12-03T21:27:35Z,2025-12-13T04:01:45Z,Phường Thông Tây Hội,Căn hộ,near_school:1.0|kids_playground:0.47|park:0.61|near_hospital:0.57,2,3.3,7.9,50+,0.75,,0.0,,0.0,,0.0,
usr_1054,mid_range,buy_for_living,2025-12-04T04:15:12Z,2025-12-28T06:08:11Z,Xã Bình Lợi|Xã Nhà Bè|Phường Tân Sơn,Nhà đất|Căn hộ,near_metro:1.0|gym:0.35,1,4.8,6.5,30-40,0.73,,0.0,0.0,0.53,medium,0.84,
usr_1055,mid_range,investment,2025-12-03T21:05:32Z,2025-12-29T08:54:23Z,Xã Hiệp Phước|Phường An Lạc|Phường Thông Tây Hội,Nhà đất,near_school:1.0|kids_playground:0.49,2,4.4,5.6,,0.0,married,0.74,,0.0,medium,0.58,
usr_1056,affordable,buy_for_living,2025-12-03T03:59:56Z,2025-12-24T10:02:04Z,Phường Phú Định|Phường Phú Thuận,Nhà đất|Căn hộ,near_school:1.0|kids_playground:0.56|park:0.41,2,1.4,2.4,,0.0,married,0.82,2.0,0.57,,0.0,
usr_1057,mid_range,buy_for_living,2025-12-05T19:38:40Z,2025-12-11T00:34:14Z,Phường An Khánh,Nhà đất,near_school:1.0|kids_playground:0.67|park:0.59,2,5.4,6.3,,0.0,,0.0,,0.0,,0.0,
usr_1058,affordable,investment,2025-12-01T16:49:38Z,2025-12-10T19:41:32Z,Phường Hiệp Bình,Nhà đất,near_mall:1.0|near_market:0.3,1,1.9,2.9,30-40,0.76,,0.0,,0.0,,0.0,
usr_1059,mid_range,buy_for_living,2025-12-14T07:09:16Z,2025-12-15T09:57:31Z,Phường Phú Nhuận,Căn hộ|Nhà đất,sports_court:1.0|parking:0.39,1,3.0,6.9,,0.0,married,0.62,0.0,0.55,,0.0,
usr_1060,affordable,investment,2025-12-09T18:31:36Z,2025-12-20T14:28:22Z,Phường Bến Thành|Phường An Lạc,Nhà đất|Căn hộ,near_school:1.0|kids_playground:0.67|park:0.39|near_hospital:0.49,2,1.4,2.7,,0.0,married,0.93,2.0,0.53,medium_high,0.56,
usr_1061,mid_range,buy_for_living,2025-12-14T17:33:07Z,2025-12-26T21:56:55Z,Phường Bình Trưng|Phường Phú Nhuận,Nhà đất,near_metro:1.0|pool:0.48,2,5.3,5.7,,0.0,,0.0,,0.0,medium_high,0.9,
usr_1062,mid_range,rent,2025-12-15T02:53:38Z,2025-12-21T15:33:02Z,Phường Dĩ An|Phường Long Trường|Phường Chợ Lớn,Nhà đất,sports_court:1.0|near_metro:0.67,1,3.9,6.2,,0.0,,0.0,,0.0,,0.0,
usr_1063,mid_range,buy_for_living,2025-12-06T02:17:24Z,2025-12-18T06:40:13Z,Phường Đức Nhuận|Phường An Lạc,Nhà đất|Căn hộ,elevator:1.0|parking:0.3,2,5.0,6.2,40-50,0.76,single,0.81,0.0,0.63,,0.0,
usr_1064,affordable,rent,2025-12-11T19:19:09Z,2025-12-20T11:35:22Z,Phường Chợ Lớn,Nhà đất|Căn hộ,near_metro:1.0|gym:0.4,1,1.2,2.9,20-30,0.7,single,0.66,0.0,0.8,medium,0.61,
usr_1065,mid_range,buy_for_living,2025-12-19T04:52:24Z,2026-01-12T21:05:40Z,Phường Tân Sơn Hòa|Phường Thới An,Nhà đất|Căn hộ,near_school:1.0|kids_playground:0.45|park:0.64|near_hospital:0.51,2,3.3,6.7,,0.0,married,0.67,,0.0,medium,0.89,
usr_1066,affordable,buy_for_living,2025-12-20T23:24:47Z,2025-12-24T16:12:45Z,Phường Vũng Tàu|Phường Long Trường|Phường Bến Thành,Nhà đất,near_metro:1.0|sports_court:0.49,1,1.9,2.1,,0.0,single,0.83,0.0,0.62,,0.0,
usr_1067,affordable,buy_for_living,2025-12-12T23:07:37Z,2026-01-03T04:12:55Z,Phường Cầu Ông Lãnh|Xã Nhà Bè,Căn hộ,near_school:1.0|kids_playground:0.4|park:0.67,2,1.2,2.1,40-50,0.92,,0.0,,0.0,,0.0,
usr_1068,mid_range,rent,2025-12-23T01:36:11Z,2026-01-04T17:28:36Z,Phường Bình Tân|Phường Gò Vấp|Phường An Khánh,Nhà đất,near_bus:1.0|parking:0.57,2,3.5,7.2,,0.0,single,0.72,0.0,0.8,,0.0,
usr_1069,affordable,rent,2025-12-06T23:07:07Z,2025-12-13T03:15:46Z,Xã Hiệp Phước|Phường Tân Sơn|Phường Vườn Lài,Căn hộ|Nhà đất,sports_court:1.0|near_bus:0.42,1,1.2,2.7,,0.0,single,0.93,,0.0,,0.0,
usr_1070,affordable,buy_for_living,2025-12-05T16:06:21Z,2025-12-18T08:43:14Z,Phường Tân Sơn Nhì|Phường Bình Hưng Hòa|Phường Hiệp Bình,Nhà đất|Căn hộ,near_school:1.0|kids_playground:0.41|park:0.58,3,1.7,2.4,,0.0,,0.0,,0.0,,0.0,
usr_1071,mid_range,buy_for_living,2025-12-01T06:02:33Z,2025-12-17T20:20:45Z,Phường Cầu Ông Lãnh|Phường Diên Hồng,Căn hộ,pool:1.0|sports_court:0.7,2,3.8,5.6,,0.0,single,0.66,0.0,0.75,,0.0,
usr_1072,affordable,rent,2025-12-14T14:29:04Z,2026-01-08T07:56:12Z,Phường Thạnh Mỹ Tây|Phường Phú Thọ|Phường Bình Trị Đông,Nhà đất,pool:1.0|elevator:0.55,1,1.4,2.3,,0.0,,0.0,,0.0,,0.0,
usr_1073,affordable,buy_for_living,2025-12-20T00:00:01Z,2025-12-30T16:03:18Z,Phường Tam Bình|Xã Nhà Bè|Phường Cầu Kiệu,Nhà đất,gym:1.0|pool:0.32,2,1.2,2.3,,0.0,single,0.72,,0.0,,0.0,
usr_1074,mid_range,rent,2025-12-10T01:36:30Z,2026-01-01T04:42:55Z,Phường Phú Thuận|Phường Bình Lợi Trung,Nhà đất|Căn hộ,near_school:1.0|kids_playground:0.56|park:0.32,2,3.2,7.4,,0.0,married,0.86,,0.0,,0.0,
usr_1075,affordable,rent,2025-12-03T20:26:16Z,2025-12-08T16:40:40Z,Phường Linh Xuân,Nhà đất,near_school:1.0|kids_playground:0.63,2,2.1,2.7,40-50,0.67,,0.0,,0.0,medium,0.71,
usr_1076,affordable,buy_for_living,2025-12-13T21:01:08Z,2026-01-02T12:15:29Z,Phường Bình Thạnh|Phường Tân Bình,Nhà đất,parking:1.0|near_metro:0.49,2,1.7,2.3,,0.0,,0.0,,0.0,medium,0.76,
usr_1077,mid_range,investment,2025-12-21T05:25:40Z,2026-01-05T01:12:22Z,Phường An Phú Đông|Phường Tân Thuận,Nhà đất|Căn hộ,near_mall:1.0|near_market:0.68|security_24h:0.7,1,4.1,6.3,40-50,0.87,single,0.83,0.0,0.88,,0.0,
usr_1078,mid_range,buy_for_living,2025-12-15T07:12:12Z,2025-12-26T21:22:58Z,Phường Bến Thành|Phường An Hội Tây,Nhà đất|Căn hộ,parking:1.0|sports_court:0.39,2,3.1,6.2,,0.0,married,0.88,0.0,0.53,medium_high,0.64,
usr_1079,mid_range,buy_for_living,2025-12-21T00:11:42Z,2025-12-30T07:05:51Z,Xã Hiệp Phước|Phường An Phú Đông|Phường Chợ Quán,Nhà đất,near_school:1.0|kids_playground:0.5|park:0.33|near_hospital:0.42,2,3.9,6.0,40-50,0.92,,0.0,,0.0,,0.0,
usr_1080,luxury,buy_for_living,2025-12-25T23:41:10Z,2026-01-23T00:56:37Z,Phường Vũng Tàu|Phường Phú Thạnh,Nhà đất|Căn hộ,sports_court:1.0|near_bus:0.47,2,18.8,24.2,50+,0.63,married,0.64,0.0,0.62,,0.0,
usr_1081,mid_range,buy_for_living,2025-12-03T05:14:59Z,2025-12-22T13:01:02Z,Phường Thông Tây Hội|Phường Phú Định,Nhà đất,near_school:1.0|kids_playground:0.65|park:0.69|near_hospital:0.57,2,4.8,7.7,,0.0,,0.0,,0.0,,0.0,
usr_1082,mid_range,buy_for_living,2025-12-10T12:06:56Z,2025-12-31T23:09:57Z,Xã Nhà Bè|Phường Chánh Hưng|Phường Bình Lợi Trung,Nhà đất,near_school:1.0|kids_playground:0.61,2,4.5,6.9,,0.0,married,0.52,,0.0,medium_high,0.55,
usr_1083,affordable,investment,2025-12-14T11:28:20Z,2026-01-08T12:17:57Z,Phường Bình Trưng|Phường An Khánh,Nhà đất,near_school:1.0|kids_playground:0.47,2,1.4,2.2,50+,0.71,married,0.95,,0.0,,0.0,
usr_1084,mid_range,buy_for_living,2025-12-19T08:49:52Z,2025-12-31T04:50:59Z,Phường Thông Tây Hội|Phường Bình Trị Đông|Phường Bình Lợi Trung,Nhà đất,near_school:1.0|kids_playground:0.5,2,3.3,5.8,20-30,0.81,,0.0,1.0,0.56,,0.0,
usr_1085,luxury,buy_for_living,2025-12-17T07:43:32Z,2026-01-12T02:12:00Z,Phường Tân Sơn Hòa,Nhà đất,gym:1.0|pool:0.39,1,11.1,29.1,30-40,0.58,,0.0,,0.0,,0.0,
usr_1086,affordable,buy_for_living,2025-12-08T08:27:17Z,2025-12-19T10:00:44Z,Phường Bình Trị Đông|Phường Thới An,Nhà đất,near_school:1.0|kids_playground:0.47,2,1.3,3.0,50+,0.5,married,0.51,,0.0,high,0.76,
usr_1087,mid_range,buy_for_living,2025-12-03T13:37:55Z,2025-12-09T23:16:04Z,Phường Thủ Đức|Phường Vũng Tàu|Phường Bình Tân,Nhà đất|Căn hộ,near_metro:1.0|gym:0.56,1,5.0,7.9,20-30,0.61,single,0.54,,0.0,,0.0,
usr_1088,affordable,buy_for_living,2025-12-24T14:11:58Z,2026-01-08T17:31:28Z,Phường Long Bình|Phường Bình Thạnh,Nhà đất,near_school:1.0|kids_playground:0.65|park:0.34|near_hospital:0.53,2,1.4,2.7,30-40,0.56,,0.0,,0.0,,0.0,
usr_1089,affordable,buy_for_living,2025-12-24T00:19:08Z,2026-01-02T19:03:50Z,Phường An Khánh,Nhà đất,near_school:1.0|kids_playground:0.64,2,1.4,2.9,,0.0,,0.0,,0.0,,0.0,
usr_1090,mid_range,buy_for_living,2025-12-01T04:49:20Z,2025-12-05T12:53:24Z,Phường Phú Lợi|Phường Bảy Hiền|Phường Thông Tây Hội,Nhà đất,near_metro:1.0|pool:0.31,2,3.6,5.6,30-40,0.61,single,0.81,,0.0,,0.0,
usr_1091,mid_range,rent,2025-12-02T00:45:21Z,2025-12-31T11:47:02Z,Phường An Hội Tây,Nhà đất,near_school:1.0|kids_playground:0.52|park:0.34,3,4.1,7.8,,0.0,married,0.8,,0.0,,0.0,
usr_1092,luxury,rent,2025-12-06T00:44:21Z,2025-12-25T12:43:55Z,Phường Phú Nhuận,Nhà đất,near_bus:1.0|pool:0.55,1,10.3,24.7,50+,0.59,married,0.85,0.0,0.95,,0.0,
usr_1093,affordable,buy_for_living,2025-12-14T19:08:10Z,2026-01-07T19:22:49Z,Phường Tam Thắng|Phường Long Bình,Nhà đất|Căn hộ,near_school:1.0|kids_playground:0.53,2,1.3,2.4,,0.0,married,0.81,,0.0,,0.0,
usr_1094,affordable,buy_for_living,2025-12-07T13:52:22Z,2026-01-02T20:53:54Z,Phường Hạnh Thông|Phường Tân Sơn Hòa|Phường Đông Hòa,Nhà đất|Căn hộ,pool:1.0|near_bus:0.59,1,1.2,2.4,,0.0,single,0.51,,0.0,high,0.9,
usr_1095,mid_range,investment,2025-12-22T22:46:05Z,2026-01-02T22:44:41Z,Phường Cầu Ông Lãnh|Phường Phú Thọ Hòa|Phường Hòa Hưng,Nhà đất|Căn hộ,near_school:1.0|kids_playground:0.47|park:0.52|near_hospital:0.38,2,4.3,7.9,,0.0,,0.0,,0.0,,0.0,
usr_1096,mid_range,buy_for_living,2025-12-24T23:33:45Z,2025-12-31T03:10:17Z,Phường Bình Tân|Phường Phú Thạnh|Phường Thủ Đức,Nhà đất|Căn hộ,near_school:1.0|kids_playground:0.48|park:0.6,2,5.0,7.9,,0.0,,0.0,,0.0,,0.0,
usr_1097,affordable,buy_for_living,2025-12-09T22:08:04Z,2026-01-02T21:16:18Z,Phường Hiệp Bình,Nhà đất|Căn hộ,near_school:1.0|kids_playground:0.61|park:0.58|near_hospital:0.53,3,2.1,2.1,,0.0,,0.0,,0.0,medium_high,0.87,
usr_1098,affordable,buy_for_living,2025-12-12T17:59:00Z,2025-12-17T18:42:28Z,Phường Bình Hòa,Nhà đất|Căn hộ,near_school:1.0|kids_playground:0.52|park:0.37,3,1.8,2.3,,0.0,married,0.84,4.0,0.84,,0.0,
usr_1099,affordable,rent,2025-12-15T13:54:05Z,2025-12-25T19:41:14Z,Phường Thới Hòa,Căn hộ,near_school:1.0|kids_playground:0.52|park:0.53,3,2.1,2.7,40-50,0.88,,0.0,,0.0,high,0.62,
usr_1100,affordable,rent,2025-12-01T04:42:35Z,2025-12-05T18:54:27Z,Phường Tân Sơn Nhì,Căn hộ,near_school:1.0|kids_playground:0.31|park:0.68|near_hospital:0.53,2,1.7,2.3,30-40,0.75,single,0.79,1.0,0.65,medium_high,0.72,
usr_1101,mid_range,investment,2025-12-01T05:38:53Z,2025-12-16T04:19:41Z,Phường Vũng Tàu,Nhà đất,near_school:1.0|kids_playground:0.66|park:0.56,2,4.2,5.5,,0.0,,0.0,,0.0,,0.0,
usr_1102,mid_range,investment,2025-12-13T14:37:35Z,2025-12-14T17:01:16Z,Phường Tân Mỹ|Phường Cát Lái,Nhà đất|Căn hộ,near_mall:1.0|near_market:0.45|security_24h:0.42|pool:0.55,1,4.1,7.2,,0.0,married,0.82,0.0,0.51,,0.0,
usr_1103,mid_range,investment,2025-12-21T19:16:44Z,2026-01-02T10:26:36Z,Xã Nhà Bè|Phường Long Bình|Phường Nhiêu Lộc,Căn hộ|Nhà đất,near_school:1.0|kids_playground:0.52,3,5.2,6.3,30-40,0.55,,0.0,3.0,0.92,,0.0,
usr_1104,mid_range,rent,2025-12-06T19:12:29Z,2025-12-23T11:27:46Z,Phường Thới An,Nhà đất|Căn hộ,near_bus:1.0|sports_court:0.58,1,3.2,6.3,,0.0,single,0.84,,0.0,,0.0,
usr_1105,affordable,investment,2025-12-20T06:32:16Z,2026-01-14T02:41:14Z,Phường Tân Thuận|Phường Đức Nhuận,Nhà đất,near_mall:1.0|near_market:0.43|security_24h:0.51,1,1.9,2.7,,0.0,,0.0,,0.0,,0.0,
usr_1106,affordable,buy_for_living,2025-12-14T07:26:33Z,2025-12-17T03:20:16Z,Phường Bình Trị Đông|Phường Tân Hưng,Nhà đất|Căn hộ,near_school:1.0|kids_playground:0.52,2,1.5,2.3,,0.0,,0.0,2.0,0.7,,0.0,
usr_1107,affordable,buy_for_living,2025-12-03T00:35:19Z,2025-12-24T09:32:22Z,Phường Phú Thạnh|Phường Chánh Phú Hòa|Phường Cầu Ông Lãnh,Nhà đất|Căn hộ,near_school:1.0|kids_playground:0.51,3,1.3,2.5,50+,0.93,married,0.76,3.0,0.51,,0.0,
usr_1108,mid_range,investment,2025-12-13T03:37:08Z,2026-01-03T00:08:36Z,Phường An Phú Đông|Phường Tân Sơn Nhất|Phường Tây Thạnh,Nhà đất|Căn hộ,near_school:1.0|kids_playground:0.56|park:0.53|near_hospital:0.66,2,4.0,5.5,,0.0,married,0.76,,0.0,,0.0,
usr_1109,affordable,buy_for_living,2025-12-20T05:53:06Z,2026-01-12T16:22:16Z,Phường An Hội Đông|Phường Bình Trưng,Căn hộ|Nhà đất,near_school:1.0|kids_playground:0.63,2,1.5,3.0,20-30,0.91,married,0.6,,0.0,medium,0.71,
usr_1110,affordable,buy_for_living,2025-12-05T08:11:32Z,2025-12-31T22:14:50Z,Phường Tân Phú|Phường Tăng Nhơn Phú|Phường Thông Tây Hội,Nhà đất,gym:1.0|parking:0.67,2,1.2,2.6,,0.0,married,0.82,,0.0,,0.0,
usr_1111,affordable,buy_for_living,2025-12-18T23:45:14Z,2026-01-15T15:46:25Z,Phường Bình Trưng|Phường Bảy Hiền|Phường Cầu Ông Lãnh,Nhà đất,near_bus:1.0|pool:0.63,2,1.6,2.8,20-30,0.91,,0.0,0.0,0.85,,0.0,
usr_1112,affordable,buy_for_living,2025-12-08T07:07:10Z,2025-12-30T23:39:29Z,Phường Cầu Kiệu|Phường Thới An|Phường Long Bình,Nhà đất,near_school:1.0|kids_playground:0.33|park:0.49|near_hospital:0.61,2,1.6,2.3,,0.0,married,0.92,,0.0,high,0.53,
usr_1113,affordable,buy_for_living,2025-12-14T19:42:11Z,2026-01-08T13:35:17Z,Xã Nhà Bè,Nhà đất|Căn hộ,near_school:1.0|kids_playground:0.49|park:0.33|near_hospital:0.59,2,1.7,2.8,30-40,0.81,married,0.69,2.0,0.71,,0.0,
usr_1114,affordable,buy_for_living,2025-12-10T14:02:26Z,2026-01-02T14:51:45Z,Phường Gia Định,Nhà đất|Căn hộ,near_school:1.0|kids_playground:0.32|park:0.4,2,1.4,2.6,,0.0,married,0.61,,0.0,,0.0,
usr_1115,affordable,buy_for_living,2025-12-21T14:44:51Z,2026-01-03T03:47:33Z,Phường Phú Thuận,Căn hộ,near_school:1.0|kids_playground:0.44|park:0.35,2,1.5,2.6,,0.0,married,0.93,,0.0,,0.0,
usr_1116,affordable,investment,2025-12-16T05:04:03Z,2026-01-12T14:08:29Z,Phường Thới An|Phường Tân Hưng,Nhà đất,near_mall:1.0|near_market:0.51|security_24h:0.56|sports_court:0.33,1,1.6,2.1,,0.0,,0.0,0.0,0.75,,0.0,
usr_1117,affordable,buy_for_living,2025-12-16T04:59:57Z,2025-12-17T09:17:50Z,Phường An Khánh|Phường Gia Định,Căn hộ,pool:1.0|elevator:0.35,1,1.6,2.7,,0.0,,0.0,0.0,0.57,medium_high,0.93,
usr_1118,affordable,buy_for_living,2025-12-13T08:13:23Z,2026-01-11T02:08:41Z,Phường Gò Vấp|Phường Bình Hưng Hòa|Phường Diên Hồng,Nhà đất|Căn hộ,elevator:1.0|sports_court:0.39,1,1.5,2.6,,0.0,,0.0,,0.0,medium_high,0.81,
usr_1119,affordable,buy_for_living,2025-12-12T21:40:06Z,2025-12-25T15:34:43Z,Phường Hiệp Bình|Phường Tân Định,Căn hộ|Nhà đất,parking:1.0|gym:0.56,2,1.3,2.7,50+,0.8,,0.0,0.0,0.88,,0.0,
usr_1120,mid_range,buy_for_living,2025-12-14T00:11:25Z,2025-12-30T21:31:40Z,Phường Chánh Hưng|Phường Tân Sơn,Nhà đất|Căn hộ,near_school:1.0|kids_playground:0.63|park:0.61,3,4.5,6.0,,0.0,married,0.81,,0.0,,0.0,
usr_1121,affordable,rent,2025-12-23T11:09:37Z,2025-12-31T00:08:38Z,Phường Thạnh Mỹ Tây|Phường Sài Gòn|Phường Thông Tây Hội,Nhà đất,sports_court:1.0|elevator:0.4,1,1.3,2.6,30-40,0.63,married,0.7,,0.0,medium,0.76,
usr_1122,affordable,investment,2025-12-04T07:01:05Z,2025-12-21T19:00:50Z,Phường Bình Thạnh|Phường Long Bình,Căn hộ,near_mall:1.0|near_market:0.51|security_24h:0.59|near_bus:0.6,1,1.5,2.4,50+,0.79,,0.0,,0.0,medium_high,0.72,
usr_1123,affordable,buy_for_living,2025-12-10T09:22:23Z,2025-12-18T08:33:34Z,Phường Gia Định,Nhà đất|Căn hộ,gym:1.0|near_metro:0.55,2,2.0,2.3,30-40,0.74,single,0.82,0.0,0.78,,0.0,
usr_1124,mid_range,investment,2025-12-07T03:39:19Z,2025-12-30T07:09:26Z,Phường Gia Định,Nhà đất|Căn hộ,near_school:1.0|kids_playground:0.63|park:0.57|near_hospital:0.64,3,5.2,6.3,50+,0.64,,0.0,3.0,0.74,,0.0,
usr_1125,mid_range,buy_for_living,2025-12-11T17:49:49Z,2025-12-18T12:00:24Z,Phường Bàn Cờ,Nhà đất|Căn hộ,near_school:1.0|kids_playground:0.59|park:0.69|near_hospital:0.6,2,4.4,5.6,,0.0,married,0.73,,0.0,,0.0,
usr_1126,affordable,buy_for_living,2025-12-10T07:02:21Z,2026-01-09T01:13:47Z,Phường Tăng Nhơn Phú|Phường Cát Lái,Nhà đất|Căn hộ,near_metro:1.0|pool:0.38,1,2.1,2.3,,0.0,single,0.77,,0.0,medium_high,0.62,
usr_1127,affordable,buy_for_living,2025-12-23T10:14:54Z,2026-01-08T22:18:31Z,Phường Linh Xuân,Nhà đất|Căn hộ,pool:1.0|parking:0.63,2,1.6,2.3,40-50,0.69,married,0.83,,0.0,,0.0,
usr_1128,affordable,buy_for_living,2025-12-16T21:04:19Z,2025-12-18T22:33:16Z,Xã Nhà Bè,Nhà đất,near_school:1.0|kids_playground:0.41,3,1.4,3.0,,0.0,married,0.86,,0.0,,0.0,
usr_1129,affordable,investment,2025-12-18T06:43:07Z,2026-01-10T10:47:48Z,Phường Bến Thành,Căn hộ,near_mall:1.0|near_market:0.47|security_24h:0.65,2,2.0,2.4,30-40,0.57,,0.0,0.0,0.87,,0.0,
usr_1130,affordable,investment,2025-12-25T05:13:35Z,2026-01-15T23:47:05Z,Phường Thông Tây Hội,Nhà đất|Căn hộ,near_mall:1.0|near_market:0.69|security_24h:0.63|near_bus:0.6,1,1.7,2.8,40-50,0.94,married,0.62,,0.0,medium,0.54,
usr_1131,affordable,buy_for_living,2025-12-09T18:19:29Z,2025-12-29T15:19:09Z,Phường Đức Nhuận|Phường Tân Sơn Hòa|Phường Thông Tây Hội,Nhà đất,gym:1.0|sports_court:0.61,1,1.4,2.7,,0.0,,0.0,,0.0,,0.0,
usr_1132,affordable,investment,2025-12-20T06:24:12Z,2025-12-30T11:06:33Z,Phường Bến Thành|Phường Nhiêu Lộc,Nhà đất,near_school:1.0|kids_playground:0.42|park:0.49,2,1.7,2.8,,0.0,,0.0,1.0,0.7,,0.0,
usr_1133,affordable,investment,2025-12-10T15:36:05Z,2025-12-27T01:34:35Z,Phường Gia Định|Phường An Hội Tây,Nhà đất|Căn hộ,near_mall:1.0|near_market:0.51|security_24h:0.53|gym:0.38,2,1.3,2.5,,0.0,,0.0,,0.0,,0.0,
usr_1134,affordable,buy_for_living,2025-12-05T11:05:23Z,2025-12-20T03:50:05Z,Phường Bình Trị Đông|Phường Bình Hưng Hòa,Nhà đất|Căn hộ,near_school:1.0|kids_playground:0.35,2,1.6,3.0,,0.0,,0.0,,0.0,medium,0.63,
usr_1135,affordable,buy_for_living,2025-12-15T01:08:19Z,2025-12-25T11:31:56Z,Xã Nhà Bè,Nhà đất|Căn hộ,sports_court:1.0|pool:0.33,2,1.7,2.9,,0.0,,0.0,0.0,0.88,,0.0,
usr_1136,affordable,buy_for_living,2025-12-06T05:34:51Z,2025-12-22T09:42:39Z,Phường Tân Sơn Nhất|Phường Vĩnh Hội|Xã Trừ Văn Thố,Nhà đất|Căn hộ,near_school:1.0|kids_playground:0.36,2,1.6,2.8,,0.0,married,0.61,1.0,0.91,,0.0,
usr_1137,affordable,buy_for_living,2025-12-19T14:35:44Z,2025-12-23T13:19:18Z,Phường Thạnh Mỹ Tây|Phường Phú Nhuận|Phường Tân Hưng,Nhà đất,near_school:1.0|kids_playground:0.37,2,1.8,2.2,,0.0,married,0.58,2.0,0.76,medium_high,0.61,
usr_1138,affordable,investment,2025-12-15T20:05:15Z,2025-12-30T18:13:04Z,Phường Thông Tây Hội|Phường Cầu Kiệu|Phường Tam Thắng,Nhà đất|Căn hộ,near_mall:1.0|near_market:0.55|security_24h:0.33,2,1.8,3.0,30-40,0.94,married,0.8,,0.0,high,0.89,
usr_1139,affordable,buy_for_living,2025-12-17T14:18:25Z,2026-01-03T21:01:30Z,Phường Hòa Hưng|Phường Sài Gòn|Phường An Khánh,Nhà đất|Căn hộ,sports_court:1.0|near_metro:0.53,1,1.6,2.2,,0.0,,0.0,0.0,0.78,,0.0,
usr_1140,affordable,investment,2025-12-09T17:54:43Z,2026-01-01T01:02:24Z,Phường Long Bình|Phường Tây Thạnh|Phường Chánh Hưng,Nhà đất,near_school:1.0|kids_playground:0.69|park:0.55|near_hospital:0.57,2,2.0,2.6,30-40,0.86,married,0.63,1.0,0.73,,0.0,
usr_1141,luxury,buy_for_living,2025-12-19T08:04:42Z,2025-12-20T10:04:45Z,Phường Đức Nhuận|Phường Xóm Chiếu|Xã Hiệp Phước,Nhà đất,near_bus:1.0|sports_court:0.36,1,8.1,24.2,40-50,0.56,married,0.6,0.0,0.88,,0.0,
usr_1142,affordable,investment,2025-12-02T01:25:53Z,2025-12-22T08:58:36Z,Phường Tân Phú|Phường Tân Tạo,Nhà đất,near_school:1.0|kids_playground:0.36|park:0.52|near_hospital:0.49,2,1.8,2.9,30-40,0.51,single,0.87,1.0,0.92,,0.0,
usr_1143,mid_range,buy_for_living,2025-12-16T06:14:33Z,2026-01-14T03:39:52Z,Phường Hòa Hưng|Phường Sài Gòn,Nhà đất|Căn hộ,near_school:1.0|kids_playground:0.6,2,3.5,7.8,20-30,0.69,married,0.7,1.0,0.66,,0.0,
usr_1144,affordable,investment,2025-12-14T18:34:19Z,2026-01-10T20:17:38Z,Phường Cầu Ông Lãnh|Phường Phú Định,Nhà đất|Căn hộ,near_mall:1.0|near_market:0.34|security_24h:0.37|parking:0.31,1,1.9,2.6,30-40,0.63,married,0.59,0.0,0.73,,0.0,
usr_1145,affordable,buy_for_living,2025-12-18T09:30:23Z,2026-01-07T18:45:27Z,Phường Phú Nhuận|Phường An Hội Tây,Nhà đất|Căn hộ,elevator:1.0|pool:0.4,1,1.3,2.2,20-30,0.8,single,0.87,0.0,0.61,,0.0,
usr_1146,affordable,buy_for_living,2025-12-23T10:53:07Z,2026-01-12T15:48:06Z,Phường Phú Thuận|Phường Hòa Hưng,Nhà đất|Căn hộ,near_school:1.0|kids_playground:0.55,2,1.7,2.6,30-40,0.71,,0.0,,0.0,medium_high,0.64,
usr_1147,luxury,buy_for_living,2025-12-15T16:34:12Z,2025-12-27T15:51:16Z,Phường Tân Thuận,Nhà đất,near_bus:1.0|gym:0.58,2,13.0,29.2,,0.0,married,0.57,,0.0,,0.0,
usr_1148,luxury,rent,2025-12-05T05:31:52Z,2025-12-09T19:52:07Z,Phường Vĩnh Hội,Nhà đất|Căn hộ,near_school:1.0|kids_playground:0.36|park:0.63|near_hospital:0.42,2,13.8,19.2,30-40,0.71,married,0.6,,0.0,,0.0,
usr_1149,affordable,buy_for_living,2025-12-17T07:36:39Z,2026-01-02T06:57:01Z,Phường Phú Nhuận|Phường An Hội Tây|Phường Vũng Tàu,Nhà đất|Căn hộ,near_school:1.0|kids_playground:0.66,2,1.5,2.7,,0.0,married,0.71,,0.0,medium_high,0.68,
usr_1150,affordable,buy_for_living,2025-12-07T04:23:26Z,2025-12-14T15:10:59Z,Phường Long Phước,Nhà đất|Căn hộ,near_school:1.0|kids_playground:0.41,2,1.9,2.5,20-30,0.79,,0.0,2.0,0.5,,0.0,
usr_1151,affordable,buy_for_living,2025-12-03T23:25:52Z,2025-12-26T15:28:06Z,Phường Tăng Nhơn Phú|Phường Long Bình|Phường Xuân Hòa,Nhà đất|Căn hộ,near_school:1.0|kids_playground:0.31,2,1.6,2.3,30-40,0.92,married,0.91,,0.0,,0.0,
usr_1152,affordable,buy_for_living,2025-12-03T00:45:43Z,2025-12-21T16:01:17Z,Phường Gia Định|Phường Thông Tây Hội,Nhà đất,near_school:1.0|kids_playground:0.32|park:0.46,2,1.6,2.4,,0.0,,0.0,,0.0,,0.0,
usr_1153,luxury,buy_for_living,2025-12-02T08:18:58Z,2025-12-11T01:34:00Z,Phường Tân Hưng,Nhà đất,near_school:1.0|kids_playground:0.32|park:0.32,2,15.7,20.2,,0.0,,0.0,2.0,0.88,medium,0.91,
usr_1154,affordable,buy_for_living,2025-12-05T13:58:24Z,2025-12-27T10:31:15Z,Phường Phú Thuận,Nhà đất|Căn hộ,near_school:1.0|kids_playground:0.38,2,1.5,2.4,20-30,0.53,,0.0,,0.0,medium,0.91,
usr_1155,mid_range,buy_for_living,2025-12-19T14:26:53Z,2026-01-03T06:51:06Z,Phường An Đông,Nhà đất,gym:1.0|sports_court:0.41,2,3.3,6.7,,0.0,married,0.78,,0.0,medium_high,0.91,
usr_1156,affordable,buy_for_living,2025-12-02T07:33:36Z,2025-12-26T15:54:58Z,Xã Tân Nhựt,Nhà đất,near_school:1.0|kids_playground:0.4|park:0.68,2,2.0,2.6,30-40,0.73,married,0.62,,0.0,,0.0,
usr_1157,affordable,buy_for_living,2025-12-08T15:43:45Z,2025-12-23T10:15:22Z,Phường Long Trường|Phường Phước Long,Nhà đất|Căn hộ,sports_court:1.0|gym:0.65,1,1.5,2.3,30-40,0.81,single,0.86,,0.0,high,0.65,
usr_1158,affordable,investment,2025-12-20T19:06:15Z,2026-01-09T10:43:30Z,Xã Bình Hưng,Nhà đất,near_school:1.0|kids_playground:0.51|park:0.31|near_hospital:0.68,3,1.9,2.4,,0.0,married,0.54,,0.0,medium_high,0.83,
usr_1159,mid_range,rent,2025-12-14T19:58:26Z,2026-01-10T08:44:21Z,Phường Hạnh Thông|Phường Thạnh Mỹ Tây|Phường Long Trường,Nhà đất|Căn hộ,elevator:1.0|pool:0.59,2,4.5,7.2,30-40,0.54,single,0.8,,0.0,,0.0,
usr_1160,mid_range,investment,2025-12-21T21:20:47Z,2025-12-31T12:01:09Z,Xã Nhà Bè,Nhà đất|Căn hộ,near_school:1.0|kids_playground:0.37|park:0.55,2,4.3,5.9,,0.0,,0.0,,0.0,,0.0,
usr_1161,affordable,buy_for_living,2025-12-19T00:32:53Z,2026-01-12T09:22:27Z,Xã Nhà Bè|Phường Đức Nhuận|Phường Linh Xuân,Nhà đất|Căn hộ,near_school:1.0|kids_playground:0.57,3,1.4,2.1,20-30,0.93,married,0.9,,0.0,,0.0,
usr_1162,luxury,investment,2025-12-21T23:08:17Z,2026-01-08T06:30:20Z,Phường Bến Thành,Nhà đất,near_school:1.0|kids_playground:0.59,3,12.8,22.8,40-50,0.6,married,0.68,,0.0,medium_high,0.81,
usr_1163,mid_range,buy_for_living,2025-12-22T21:28:47Z,2026-01-14T03:45:13Z,Phường Thới Hòa|Phường Cầu Ông Lãnh|Phường Chợ Quán,Căn hộ|Nhà đất,near_school:1.0|kids_playground:0.32|park:0.67|near_hospital:0.62,2,4.7,6.5,40-50,0.88,,0.0,2.0,0.57,,0.0,
usr_1164,affordable,buy_for_living,2025-12-02T02:49:27Z,2025-12-28T11:50:32Z,Phường Thới An|Phường Bình Thạnh|Phường Vũng Tàu,Nhà đất,near_bus:1.0|sports_court:0.49,2,1.4,3.0,40-50,0.67,,0.0,0.0,0.89,high,0.84,
usr_1165,affordable,buy_for_living,2025-12-03T03:02:06Z,2025-12-29T04:08:33Z,Phường Bến Thành,Nhà đất,near_bus:1.0|parking:0.46,2,1.9,2.5,40-50,0.92,single,0.8,,0.0,medium,0.92,
usr_1166,mid_range,buy_for_living,2025-12-04T09:25:55Z,2025-12-26T15:07:27Z,Phường Xuân Hòa|Phường Bến Thành,Nhà đất,near_school:1.0|kids_playground:0.44,3,3.8,7.0,,0.0,,0.0,4.0,0.58,,0.0,
usr_1167,affordable,buy_for_living,2025-12-04T05:11:33Z,2025-12-12T21:09:46Z,Phường Tân Sơn|Phường Hiệp Bình|Phường Đức Nhuận,Nhà đất|Căn hộ,near_metro:1.0|parking:0.68,1,2.1,2.5,,0.0,single,0.65,,0.0,,0.0,
usr_1168,affordable,rent,2025-12-03T13:50:15Z,2025-12-24T22:37:05Z,Phường Thạnh Mỹ Tây|Xã Tân Nhựt|Phường Phú Thuận,Nhà đất|Căn hộ,near_school:1.0|kids_playground:0.63|park:0.39|near_hospital:0.53,2,1.8,3.0,,0.0,married,0.67,,0.0,,0.0,
usr_1169,mid_range,buy_for_living,2025-12-22T09:37:08Z,2025-12-25T12:43:25Z,Xã Tân Nhựt,Nhà đất|Căn hộ,near_school:1.0|kids_playground:0.41,2,3.4,5.8,30-40,0.87,married,0.52,,0.0,,0.0,
usr_1170,affordable,buy_for_living,2025-12-09T09:28:40Z,2025-12-16T01:06:47Z,Xã Hiệp Phước,Nhà đất|Căn hộ,pool:1.0|elevator:0.4,1,1.5,2.6,30-40,0.79,,0.0,,0.0,,0.0,
usr_1171,affordable,buy_for_living,2025-12-10T04:11:13Z,2026-01-07T13:51:06Z,Xã Tân Nhựt|Phường Phú Lâm,Nhà đất,near_school:1.0|kids_playground:0.55|park:0.54|near_hospital:0.44,2,1.3,2.9,,0.0,,0.0,,0.0,medium_high,0.8,
usr_1172,affordable,investment,2025-12-21T12:07:14Z,2026-01-08T05:46:33Z,Phường An Nhơn,Nhà đất|Căn hộ,near_mall:1.0|near_market:0.57|security_24h:0.41,2,2.1,2.2,20-30,0.67,single,0.72,0.0,0.74,medium,0.51,
usr_1173,affordable,buy_for_living,2025-12-23T12:55:10Z,2026-01-11T11:03:07Z,Xã Nhà Bè,Nhà đất|Căn hộ,sports_court:1.0|elevator:0.42,2,2.1,2.7,50+,0.7,,0.0,,0.0,,0.0,
usr_1174,affordable,buy_for_living,2025-12-22T17:05:32Z,2026-01-03T12:20:51Z,Phường Bình Trị Đông|Xã Nhà Bè,Nhà đất|Căn hộ,pool:1.0|near_bus:0.57,2,1.4,2.5,,0.0,,0.0,,0.0,,0.0,
usr_1175,luxury,buy_for_living,2025-12-01T16:00:38Z,2025-12-24T21:51:43Z,Phường An Phú Đông|Phường Phú Thuận,Nhà đất,near_school:1.0|kids_playground:0.62|park:0.61,3,10.5,23.3,30-40,0.79,,0.0,4.0,0.61,medium,0.72,
usr_1176,mid_range,investment,2025-12-13T02:29:41Z,2025-12-28T15:08:51Z,Phường Long Bình,Căn hộ,near_mall:1.0|near_market:0.35,2,5.3,8.0,30-40,0.61,,0.0,,0.0,,0.0,
usr_1177,affordable,investment,2025-12-25T15:59:01Z,2026-01-10T02:46:32Z,Phường Tân Sơn Nhì|Phường An Phú Đông|Phường Bình Đông,Nhà đất|Căn hộ,near_mall:1.0|near_market:0.51,2,1.6,3.0,,0.0,single,0.88,,0.0,,0.0,
usr_1178,affordable,investment,2025-12-04T03:29:48Z,2025-12-16T16:03:42Z,Phường Đức Nhuận|Phường Khánh Hội|Phường Bàn Cờ,Nhà đất,near_mall:1.0|near_market:0.31|security_24h:0.33,1,1.3,2.8,,0.0,,0.0,,0.0,medium,0.91,
usr_1179,mid_range,buy_for_living,2025-12-03T04:44:44Z,2025-12-21T19:12:36Z,Phường Thông Tây Hội|Phường Cát Lái,Nhà đất,elevator:1.0|pool:0.62,1,4.0,6.2,,0.0,,0.0,,0.0,medium,0.64,
usr_1180,mid_range,investment,2025-12-05T06:48:16Z,2025-12-30T22:06:32Z,Phường Vũng Tàu|Phường Phú Định,Nhà đất,near_school:1.0|kids_playground:0.49,2,5.4,7.4,,0.0,married,0.51,,0.0,,0.0,
usr_1181,mid_range,buy_for_living,2025-12-04T18:34:59Z,2026-01-02T12:55:02Z,Xã Nhà Bè,Căn hộ,pool:1.0|near_metro:0.56,1,3.8,6.0,,0.0,single,0.64,,0.0,,0.0,
usr_1182,affordable,investment,2025-12-04T03:41:09Z,2025-12-25T21:39:14Z,Phường Gia Định,Nhà đất,near_mall:1.0|near_market:0.32,1,1.3,2.7,40-50,0.74,,0.0,,0.0,,0.0,
usr_1183,luxury,buy_for_living,2025-12-10T02:34:21Z,2025-12-21T23:43:15Z,Phường Long Bình,Nhà đất,parking:1.0|sports_court:0.61,2,9.8,21.1,30-40,0.64,,0.0,,0.0,,0.0,
usr_1184,affordable,buy_for_living,2025-12-25T10:09:46Z,2026-01-20T01:12:21Z,Phường Bảy Hiền,Nhà đất|Căn hộ,near_school:1.0|kids_playground:0.65|park:0.55,2,1.8,2.3,20-30,0.71,,0.0,2.0,0.7,medium_high,0.91,
usr_1185,affordable,rent,2025-12-25T10:13:32Z,2025-12-26T20:55:32Z,Phường An Hội Tây|Phường Chợ Lớn|Phường An Khánh,Nhà đất,near_school:1.0|kids_playground:0.54|park:0.69|near_hospital:0.3,2,1.2,2.5,50+,0.62,married,0.91,,0.0,medium,0.88,
usr_1186,affordable,buy_for_living,2025-12-13T19:55:04Z,2025-12-28T00:40:33Z,Phường Bình Lợi Trung,Nhà đất,near_school:1.0|kids_playground:0.53|park:0.58,2,1.4,2.6,,0.0,married,0.6,2.0,0.95,,0.0,
usr_1187,affordable,buy_for_living,2025-12-07T00:29:41Z,2025-12-13T03:05:30Z,Phường Nhiêu Lộc,Nhà đất,near_school:1.0|kids_playground:0.34|park:0.64,2,1.3,2.5,,0.0,married,0.94,,0.0,,0.0,
usr_1188,affordable,buy_for_living,2025-12-12T15:45:06Z,2026-01-04T01:06:30Z,Phường Bình Đông|Phường Tân Sơn Hòa,Nhà đất|Căn hộ,near_school:1.0|kids_playground:0.37,2,1.8,2.4,30-40,0.59,married,0.57,2.0,0.73,medium,0.64,
usr_1189,mid_range,investment,2025-12-10T17:56:59Z,2025-12-25T04:02:22Z,Phường An Phú Đông|Phường Thạnh Mỹ Tây|Phường Bàn Cờ,Nhà đất|Căn hộ,near_school:1.0|kids_playground:0.37|park:0.68,2,5.1,6.1,,0.0,married,0.57,,0.0,,0.0,
usr_1190,affordable,investment,2025-12-03T23:02:12Z,2025-12-07T03:23:38Z,Phường Tân Sơn Nhất|Xã Nhà Bè|Phường Hòa Hưng,Căn hộ,near_school:1.0|kids_playground:0.36,2,1.8,2.6,30-40,0.64,,0.0,2.0,0.62,,0.0,
usr_1191,mid_range,buy_for_living,2025-12-22T13:32:11Z,2026-01-05T16:06:19Z,Phường Phú Định|Phường Long Bình,Nhà đất,elevator:1.0|parking:0.49,1,5.4,6.7,,0.0,married,0.6,,0.0,,0.0,
usr_1192,affordable,buy_for_living,2025-12-13T02:00:05Z,2025-12-23T14:15:04Z,Phường Phú Nhuận|Phường Thủ Đức,Nhà đất,near_school:1.0|kids_playground:0.35|park:0.34,2,1.8,2.3,30-40,0.83,married,0.55,,0.0,medium,0.64,
usr_1193,affordable,investment,2025-12-19T20:46:44Z,2025-12-27T23:56:18Z,Xã Tân Vĩnh Lộc,Nhà đất,near_mall:1.0|near_market:0.55,1,1.8,2.2,50+,0.53,,0.0,,0.0,,0.0,
usr_1194,affordable,rent,2025-12-23T05:40:32Z,2026-01-21T16:14:46Z,Phường Nhiêu Lộc|Phường Bảy Hiền,Nhà đất,gym:1.0|parking:0.37,2,1.3,2.3,,0.0,single,0.78,,0.0,,0.0,
usr_1195,luxury,buy_for_living,2025-12-09T04:25:56Z,2026-01-07T14:56:21Z,Phường An Phú Đông|Phường Phú Nhuận,Nhà đất,near_school:1.0|kids_playground:0.4,3,10.1,24.2,20-30,0.54,married,0.73,,0.0,,0.0,
usr_1196,affordable,rent,2025-12-12T14:49:41Z,2025-12-27T21:41:26Z,Phường Hòa Hưng|Phường Bình Tân|Phường Gia Định,Nhà đất,near_school:1.0|kids_playground:0.33|park:0.56,2,1.7,2.7,50+,0.79,married,0.92,2.0,0.89,,0.0,
usr_1197,mid_range,buy_for_living,2025-12-12T14:29:13Z,2026-01-01T20:15:53Z,Phường Cầu Kiệu,Nhà đất,near_school:1.0|kids_playground:0.64|park:0.42|near_hospital:0.53,2,3.7,6.9,,0.0,married,0.85,,0.0,,0.0,
usr_1198,affordable,buy_for_living,2025-12-07T18:35:47Z,2025-12-24T04:01:58Z,Phường Tân Tạo|Phường Bình Hưng Hòa|Xã Hiệp Phước,Nhà đất,near_school:1.0|kids_playground:0.48|park:0.7|near_hospital:0.51,2,1.6,2.4,40-50,0.78,,0.0,,0.0,medium,0.91,
usr_1199,mid_range,buy_for_living,2025-12-06T16:03:34Z,2025-12-11T09:54:27Z,Phường Thới An|Phường Cầu Ông Lãnh|Phường Long Phước,Nhà đất|Căn hộ,near_school:1.0|kids_playground:0.67,2,3.8,7.7,,0.0,,0.0,2.0,0.94,medium,0.61,
